Timestamp,Color Counts,Average Areas
2025-03-25 11:01:11.070281,"{'Blue': 10, 'White': 2, 'Black': 10}","{'Blue': 6179.0, 'White': 1974.25, 'Black': 5214.55}"
2025-03-25 11:01:11.085242,"{'Blue': 9, 'White': 2, 'Black': 11}","{'Blue': 7098.28, 'White': 1980.5, 'Black': 4133.27}"
2025-03-25 11:01:11.100224,"{'Blue': 9, 'White': 2, 'Black': 11}","{'Blue': 7098.28, 'White': 1980.5, 'Black': 4133.27}"
2025-03-25 11:01:11.122305,"{'Blue': 9, 'White': 2, 'Black': 11}","{'Blue': 7098.28, 'White': 1980.5, 'Black': 4133.27}"
2025-03-25 11:01:11.137215,"{'Blue': 8, 'White': 2, 'Black': 10}","{'Blue': 8609.06, 'White': 1996.5, 'Black': 4492.05}"
2025-03-25 11:01:11.153119,"{'Blue': 8, 'White': 2, 'Black': 10}","{'Blue': 8609.06, 'White': 1996.5, 'Black': 4492.05}"
2025-03-25 11:01:11.168233,"{'Blue': 8, 'White': 2, 'Black': 10}","{'Blue': 8609.06, 'White': 1996.5, 'Black': 4492.05}"
2025-03-25 11:01:11.183591,"{'Blue': 13, 'White': 2, 'Black': 11}","{'Blue': 6189.38, 'White': 1867.75, 'Black': 4090.73}"
2025-03-25 11:01:11.199866,"{'Blue': 13, 'White': 2, 'Black': 11}","{'Blue': 6189.38, 'White': 1867.75, 'Black': 4090.73}"
2025-03-25 11:01:11.216448,"{'Blue': 13, 'White': 2, 'Black': 11}","{'Blue': 6189.38, 'White': 1867.75, 'Black': 4090.73}"
2025-03-25 11:01:11.230060,"{'Blue': 9, 'White': 2, 'Black': 8}","{'Blue': 11113.61, 'White': 1219.25, 'Black': 5404.06}"
2025-03-25 11:01:11.245092,"{'Blue': 9, 'White': 2, 'Black': 8}","{'Blue': 11113.61, 'White': 1219.25, 'Black': 5404.06}"
2025-03-25 11:01:11.263029,"{'Blue': 9, 'White': 2, 'Black': 8}","{'Blue': 11113.61, 'White': 1219.25, 'Black': 5404.06}"
2025-03-25 11:01:11.277901,"{'Blue': 11, 'White': 2, 'Black': 8}","{'Blue': 9655.55, 'White': 1178.5, 'Black': 5410.75}"
2025-03-25 11:01:11.293350,"{'Blue': 11, 'White': 2, 'Black': 8}","{'Blue': 9655.55, 'White': 1178.5, 'Black': 5410.75}"
2025-03-25 11:01:11.309858,"{'Blue': 11, 'White': 2, 'Black': 8}","{'Blue': 9655.55, 'White': 1178.5, 'Black': 5410.75}"
2025-03-25 11:01:11.324840,"{'Blue': 11, 'White': 2, 'Black': 8}","{'Blue': 9655.55, 'White': 1178.5, 'Black': 5410.75}"
2025-03-25 11:01:11.340483,"{'Blue': 11, 'White': 2, 'Black': 8}","{'Blue': 9655.55, 'White': 1178.5, 'Black': 5410.75}"
2025-03-25 11:01:11.356564,"{'Blue': 11, 'White': 2, 'Black': 8}","{'Blue': 9655.55, 'White': 1178.5, 'Black': 5410.75}"
2025-03-25 11:01:11.370739,"{'Blue': 12, 'White': 2, 'Black': 10}","{'Blue': 8416.79, 'White': 1182.75, 'Black': 4418.15}"
2025-03-25 11:01:11.386454,"{'Blue': 13, 'White': 2, 'Black': 8}","{'Blue': 7868.42, 'White': 1314.0, 'Black': 5609.0}"
2025-03-25 11:01:11.399419,"{'Blue': 13, 'White': 2, 'Black': 8}","{'Blue': 7868.42, 'White': 1314.0, 'Black': 5609.0}"
2025-03-25 11:01:11.415980,"{'Blue': 13, 'White': 2, 'Black': 8}","{'Blue': 7868.42, 'White': 1314.0, 'Black': 5609.0}"
2025-03-25 11:01:11.431554,"{'Blue': 10, 'White': 3, 'Black': 10}","{'Blue': 9349.95, 'White': 1195.0, 'Black': 4600.7}"
2025-03-25 11:01:11.446385,"{'Blue': 10, 'White': 3, 'Black': 10}","{'Blue': 9349.95, 'White': 1195.0, 'Black': 4600.7}"
2025-03-25 11:01:11.462518,"{'Blue': 10, 'White': 3, 'Black': 10}","{'Blue': 9349.95, 'White': 1195.0, 'Black': 4600.7}"
2025-03-25 11:01:11.479494,"{'Blue': 9, 'White': 3, 'Black': 9}","{'Blue': 9612.28, 'White': 1824.0, 'Black': 5413.06}"
2025-03-25 11:01:11.493479,"{'Blue': 9, 'White': 3, 'Black': 9}","{'Blue': 9612.28, 'White': 1824.0, 'Black': 5413.06}"
2025-03-25 11:01:11.509667,"{'Blue': 9, 'White': 3, 'Black': 9}","{'Blue': 9612.28, 'White': 1824.0, 'Black': 5413.06}"
2025-03-25 11:01:11.524655,"{'Blue': 9, 'White': 3, 'Black': 9}","{'Blue': 9437.11, 'White': 2161.5, 'Black': 5642.0}"
2025-03-25 11:01:11.538640,"{'Blue': 9, 'White': 3, 'Black': 9}","{'Blue': 9437.11, 'White': 2161.5, 'Black': 5642.0}"
2025-03-25 11:01:11.553873,"{'Blue': 9, 'White': 3, 'Black': 9}","{'Blue': 9437.11, 'White': 2161.5, 'Black': 5642.0}"
2025-03-25 11:01:11.569830,"{'Blue': 9, 'White': 3, 'Black': 8}","{'Blue': 9453.5, 'White': 2204.67, 'Black': 6600.5}"
2025-03-25 11:01:11.584614,"{'Blue': 9, 'White': 3, 'Black': 8}","{'Blue': 9453.5, 'White': 2204.67, 'Black': 6600.5}"
2025-03-25 11:01:11.599758,"{'Blue': 9, 'White': 3, 'Black': 8}","{'Blue': 9453.5, 'White': 2204.67, 'Black': 6600.5}"
2025-03-25 11:01:11.615466,"{'Blue': 9, 'White': 3, 'Black': 8}","{'Blue': 9453.5, 'White': 2204.67, 'Black': 6600.5}"
2025-03-25 11:01:11.631239,"{'Blue': 8, 'White': 3, 'Black': 9}","{'Blue': 9992.06, 'White': 2374.5, 'Black': 5961.94}"
2025-03-25 11:01:11.647474,"{'Blue': 8, 'White': 3, 'Black': 9}","{'Blue': 9992.06, 'White': 2374.5, 'Black': 5961.94}"
2025-03-25 11:01:11.663751,"{'Blue': 8, 'White': 3, 'Black': 9}","{'Blue': 9992.06, 'White': 2374.5, 'Black': 5961.94}"
2025-03-25 11:01:11.679525,"{'Blue': 9, 'White': 3, 'Black': 9}","{'Blue': 8986.0, 'White': 2468.33, 'Black': 5982.39}"
2025-03-25 11:01:11.695241,"{'Blue': 9, 'White': 3, 'Black': 9}","{'Blue': 8986.0, 'White': 2468.33, 'Black': 5982.39}"
2025-03-25 11:01:11.711054,"{'Blue': 9, 'White': 3, 'Black': 9}","{'Blue': 8986.0, 'White': 2468.33, 'Black': 5982.39}"
2025-03-25 11:01:11.739942,"{'Blue': 8, 'White': 3, 'Black': 8}","{'Blue': 10034.25, 'White': 2434.17, 'Black': 6590.0}"
2025-03-25 11:01:11.755950,"{'Blue': 8, 'White': 3, 'Black': 8}","{'Blue': 10034.25, 'White': 2434.17, 'Black': 6590.0}"
2025-03-25 11:01:11.771906,"{'Blue': 8, 'White': 3, 'Black': 10}","{'Blue': 9784.38, 'White': 2574.0, 'Black': 5389.9}"
2025-03-25 11:01:11.787370,"{'Blue': 8, 'White': 3, 'Black': 10}","{'Blue': 9784.38, 'White': 2574.0, 'Black': 5389.9}"
2025-03-25 11:01:11.800336,"{'Blue': 8, 'White': 3, 'Black': 10}","{'Blue': 9784.38, 'White': 2574.0, 'Black': 5389.9}"
2025-03-25 11:01:11.818936,"{'Blue': 8, 'White': 3, 'Black': 10}","{'Blue': 9784.38, 'White': 2574.0, 'Black': 5389.9}"
2025-03-25 11:01:11.834649,"{'Blue': 7, 'White': 3, 'Black': 10}","{'Blue': 10743.79, 'White': 2689.83, 'Black': 5393.3}"
2025-03-25 11:01:11.850358,"{'Blue': 7, 'White': 3, 'Black': 10}","{'Blue': 10743.79, 'White': 2689.83, 'Black': 5393.3}"
2025-03-25 11:01:11.865677,"{'Blue': 7, 'White': 3, 'Black': 10}","{'Blue': 10743.79, 'White': 2689.83, 'Black': 5393.3}"
2025-03-25 11:01:11.882118,"{'Blue': 7, 'White': 3, 'Black': 9}","{'Blue': 11027.79, 'White': 2810.67, 'Black': 5821.72}"
2025-03-25 11:01:11.896865,"{'Blue': 7, 'White': 3, 'Black': 9}","{'Blue': 11027.79, 'White': 2810.67, 'Black': 5821.72}"
2025-03-25 11:01:11.912001,"{'Blue': 7, 'White': 3, 'Black': 9}","{'Blue': 11027.79, 'White': 2810.67, 'Black': 5821.72}"
2025-03-25 11:01:11.926961,"{'Blue': 10, 'White': 3, 'Black': 10}","{'Blue': 7702.45, 'White': 2910.17, 'Black': 5376.85}"
2025-03-25 11:01:11.941942,"{'Blue': 10, 'White': 3, 'Black': 10}","{'Blue': 7702.45, 'White': 2910.17, 'Black': 5376.85}"
2025-03-25 11:01:11.957321,"{'Blue': 10, 'White': 3, 'Black': 10}","{'Blue': 7702.45, 'White': 2910.17, 'Black': 5376.85}"
2025-03-25 11:01:11.972507,"{'Blue': 10, 'White': 3, 'Black': 10}","{'Blue': 7702.45, 'White': 2910.17, 'Black': 5376.85}"
2025-03-25 11:01:11.987906,"{'Blue': 8, 'White': 3, 'Black': 10}","{'Blue': 9376.62, 'White': 2836.5, 'Black': 5511.3}"
2025-03-25 11:01:11.999874,"{'Blue': 8, 'White': 3, 'Black': 10}","{'Blue': 9376.62, 'White': 2836.5, 'Black': 5511.3}"
2025-03-25 11:01:12.018339,"{'Blue': 8, 'White': 3, 'Black': 10}","{'Blue': 9376.62, 'White': 2836.5, 'Black': 5511.3}"
2025-03-25 11:01:12.034132,"{'Blue': 10, 'White': 3, 'Black': 11}","{'Blue': 7518.3, 'White': 2738.17, 'Black': 5034.77}"
2025-03-25 11:01:12.049842,"{'Blue': 10, 'White': 3, 'Black': 11}","{'Blue': 7518.3, 'White': 2738.17, 'Black': 5034.77}"
2025-03-25 11:01:12.066017,"{'Blue': 10, 'White': 3, 'Black': 11}","{'Blue': 7518.3, 'White': 2738.17, 'Black': 5034.77}"
2025-03-25 11:01:12.082705,"{'Blue': 11, 'White': 3, 'Black': 10}","{'Blue': 6584.59, 'White': 2711.17, 'Black': 5854.25}"
2025-03-25 11:01:12.097665,"{'Blue': 11, 'White': 3, 'Black': 10}","{'Blue': 6584.59, 'White': 2711.17, 'Black': 5854.25}"
2025-03-25 11:01:12.114622,"{'Blue': 11, 'White': 3, 'Black': 10}","{'Blue': 6584.59, 'White': 2711.17, 'Black': 5854.25}"
2025-03-25 11:01:12.128583,"{'Blue': 7, 'White': 3, 'Black': 10}","{'Blue': 9707.43, 'White': 2844.0, 'Black': 5676.55}"
2025-03-25 11:01:12.145537,"{'Blue': 7, 'White': 3, 'Black': 10}","{'Blue': 9707.43, 'White': 2844.0, 'Black': 5676.55}"
2025-03-25 11:01:12.161495,"{'Blue': 7, 'White': 3, 'Black': 10}","{'Blue': 9707.43, 'White': 2844.0, 'Black': 5676.55}"
2025-03-25 11:01:12.175427,"{'Blue': 8, 'White': 3, 'Black': 9}","{'Blue': 8285.19, 'White': 2968.0, 'Black': 6610.94}"
2025-03-25 11:01:12.190412,"{'Blue': 8, 'White': 3, 'Black': 9}","{'Blue': 8285.19, 'White': 2968.0, 'Black': 6610.94}"
2025-03-25 11:01:12.207396,"{'Blue': 8, 'White': 3, 'Black': 9}","{'Blue': 8285.19, 'White': 2968.0, 'Black': 6610.94}"
2025-03-25 11:01:12.223353,"{'Blue': 7, 'White': 3, 'Black': 7}","{'Blue': 9154.36, 'White': 3302.0, 'Black': 8223.07}"
2025-03-25 11:01:12.238342,"{'Blue': 7, 'White': 3, 'Black': 7}","{'Blue': 9154.36, 'White': 3302.0, 'Black': 8223.07}"
2025-03-25 11:01:12.254136,"{'Blue': 7, 'White': 3, 'Black': 7}","{'Blue': 9154.36, 'White': 3302.0, 'Black': 8223.07}"
2025-03-25 11:01:12.270610,"{'Blue': 7, 'White': 3, 'Black': 7}","{'Blue': 9154.36, 'White': 3302.0, 'Black': 8223.07}"
2025-03-25 11:01:12.286547,"{'Blue': 7, 'White': 3, 'Black': 7}","{'Blue': 8990.36, 'White': 3796.83, 'Black': 8195.14}"
2025-03-25 11:01:12.301440,"{'Blue': 7, 'White': 3, 'Black': 7}","{'Blue': 8990.36, 'White': 3796.83, 'Black': 8195.14}"
2025-03-25 11:01:12.317949,"{'Blue': 7, 'White': 3, 'Black': 7}","{'Blue': 8990.36, 'White': 3796.83, 'Black': 8195.14}"
2025-03-25 11:01:12.333656,"{'Blue': 9, 'White': 4, 'Black': 6}","{'Blue': 7596.33, 'White': 3843.25, 'Black': 8571.0}"
2025-03-25 11:01:12.348548,"{'Blue': 9, 'White': 4, 'Black': 6}","{'Blue': 7596.33, 'White': 3843.25, 'Black': 8571.0}"
2025-03-25 11:01:12.364526,"{'Blue': 9, 'White': 4, 'Black': 6}","{'Blue': 7596.33, 'White': 3843.25, 'Black': 8571.0}"
2025-03-25 11:01:12.380484,"{'Blue': 10, 'White': 4, 'Black': 4}","{'Blue': 7362.1, 'White': 5423.0, 'Black': 10628.62}"
2025-03-25 11:01:12.396163,"{'Blue': 10, 'White': 4, 'Black': 4}","{'Blue': 7362.1, 'White': 5423.0, 'Black': 10628.62}"
2025-03-25 11:01:12.411340,"{'Blue': 10, 'White': 4, 'Black': 4}","{'Blue': 7362.1, 'White': 5423.0, 'Black': 10628.62}"
2025-03-25 11:01:12.427297,"{'Blue': 14, 'White': 4, 'Black': 4}","{'Blue': 5274.43, 'White': 8000.75, 'Black': 9787.0}"
2025-03-25 11:01:12.443124,"{'Blue': 14, 'White': 4, 'Black': 4}","{'Blue': 5274.43, 'White': 8000.75, 'Black': 9787.0}"
2025-03-25 11:01:12.457994,"{'Blue': 14, 'White': 4, 'Black': 4}","{'Blue': 5274.43, 'White': 8000.75, 'Black': 9787.0}"
2025-03-25 11:01:12.473222,"{'Blue': 14, 'White': 4, 'Black': 4}","{'Blue': 5274.43, 'White': 8000.75, 'Black': 9787.0}"
2025-03-25 11:01:12.487564,"{'Blue': 11, 'White': 3, 'Black': 6}","{'Blue': 6432.77, 'White': 14101.67, 'Black': 6090.0}"
2025-03-25 11:01:12.502845,"{'Blue': 11, 'White': 3, 'Black': 6}","{'Blue': 6432.77, 'White': 14101.67, 'Black': 6090.0}"
2025-03-25 11:01:12.518628,"{'Blue': 11, 'White': 3, 'Black': 6}","{'Blue': 6432.77, 'White': 14101.67, 'Black': 6090.0}"
2025-03-25 11:01:12.534089,"{'Blue': 12, 'White': 3, 'Black': 6}","{'Blue': 5793.58, 'White': 16861.83, 'Black': 5401.08}"
2025-03-25 11:01:12.550074,"{'Blue': 12, 'White': 3, 'Black': 6}","{'Blue': 5793.58, 'White': 16861.83, 'Black': 5401.08}"
2025-03-25 11:01:12.565034,"{'Blue': 12, 'White': 3, 'Black': 6}","{'Blue': 5793.58, 'White': 16861.83, 'Black': 5401.08}"
2025-03-25 11:01:12.581077,"{'Blue': 12, 'White': 3, 'Black': 6}","{'Blue': 5793.58, 'White': 16861.83, 'Black': 5401.08}"
2025-03-25 11:01:12.597056,"{'Blue': 7, 'White': 3, 'Black': 8}","{'Blue': 7522.71, 'White': 16793.33, 'Black': 5022.44}"
2025-03-25 11:01:12.612908,"{'Blue': 7, 'White': 3, 'Black': 8}","{'Blue': 7522.71, 'White': 16793.33, 'Black': 5022.44}"
2025-03-25 11:01:12.627895,"{'Blue': 5, 'White': 3, 'Black': 6}","{'Blue': 6437.6, 'White': 18793.5, 'Black': 6039.75}"
2025-03-25 11:01:12.643877,"{'Blue': 5, 'White': 3, 'Black': 6}","{'Blue': 6437.6, 'White': 18793.5, 'Black': 6039.75}"
2025-03-25 11:01:12.658862,"{'Blue': 5, 'White': 3, 'Black': 6}","{'Blue': 6437.6, 'White': 18793.5, 'Black': 6039.75}"
2025-03-25 11:01:12.673822,"{'Blue': 5, 'White': 3, 'Black': 9}","{'Blue': 4640.1, 'White': 23713.0, 'Black': 4449.72}"
2025-03-25 11:01:12.689120,"{'Blue': 5, 'White': 3, 'Black': 9}","{'Blue': 4640.1, 'White': 23713.0, 'Black': 4449.72}"
2025-03-25 11:01:12.704403,"{'Blue': 5, 'White': 3, 'Black': 9}","{'Blue': 4640.1, 'White': 23713.0, 'Black': 4449.72}"
2025-03-25 11:01:12.720493,"{'Blue': 5, 'White': 3, 'Black': 9}","{'Blue': 4640.1, 'White': 23713.0, 'Black': 4449.72}"
2025-03-25 11:01:12.734665,"{'Green': 1, 'Blue': 4, 'White': 3, 'Black': 3}","{'Green': 1322.0, 'Blue': 4065.38, 'White': 27989.33, 'Black': 13938.83}"
2025-03-25 11:01:12.749959,"{'Green': 1, 'Blue': 4, 'White': 3, 'Black': 3}","{'Green': 1322.0, 'Blue': 4065.38, 'White': 27989.33, 'Black': 13938.83}"
2025-03-25 11:01:12.765310,"{'Green': 1, 'Blue': 4, 'White': 3, 'Black': 3}","{'Green': 1322.0, 'Blue': 4065.38, 'White': 27989.33, 'Black': 13938.83}"
2025-03-25 11:01:12.781968,"{'Green': 1, 'Blue': 4, 'White': 3, 'Black': 3}","{'Green': 1322.0, 'Blue': 4065.38, 'White': 27989.33, 'Black': 13938.83}"
2025-03-25 11:01:12.796955,"{'Green': 1, 'Blue': 5, 'White': 3, 'Black': 2}","{'Green': 830.5, 'Blue': 1766.0, 'White': 32164.83, 'Black': 24403.25}"
2025-03-25 11:01:12.811664,"{'Green': 1, 'Blue': 5, 'White': 3, 'Black': 2}","{'Green': 830.5, 'Blue': 1766.0, 'White': 32164.83, 'Black': 24403.25}"
2025-03-25 11:01:12.828148,"{'Green': 1, 'Blue': 5, 'White': 3, 'Black': 2}","{'Green': 830.5, 'Blue': 1766.0, 'White': 32164.83, 'Black': 24403.25}"
2025-03-25 11:01:12.842769,"{'Red': 1, 'Blue': 3, 'White': 3, 'Black': 1}","{'Red': 680.0, 'Blue': 1404.0, 'White': 28569.83, 'Black': 59524.5}"
2025-03-25 11:01:12.857758,"{'Red': 1, 'Blue': 3, 'White': 3, 'Black': 1}","{'Red': 680.0, 'Blue': 1404.0, 'White': 28569.83, 'Black': 59524.5}"
2025-03-25 11:01:12.872561,"{'Red': 1, 'Blue': 3, 'White': 3, 'Black': 1}","{'Red': 680.0, 'Blue': 1404.0, 'White': 28569.83, 'Black': 59524.5}"
2025-03-25 11:01:12.887199,"{'Red': 1, 'Blue': 2, 'White': 2, 'Black': 1}","{'Red': 1405.0, 'Blue': 1869.0, 'White': 38778.0, 'Black': 60037.0}"
2025-03-25 11:01:12.902705,"{'Red': 1, 'Blue': 2, 'White': 2, 'Black': 1}","{'Red': 1405.0, 'Blue': 1869.0, 'White': 38778.0, 'Black': 60037.0}"
2025-03-25 11:01:12.919442,"{'Red': 1, 'Blue': 2, 'White': 2, 'Black': 1}","{'Red': 1405.0, 'Blue': 1869.0, 'White': 38778.0, 'Black': 60037.0}"
2025-03-25 11:01:12.935298,"{'Red': 1, 'Yellow': 2, 'Blue': 3, 'White': 2, 'Black': 1}","{'Red': 1350.0, 'Yellow': 588.5, 'Blue': 590.67, 'White': 40900.25, 'Black': 57817.5}"
2025-03-25 11:01:12.951008,"{'Red': 1, 'Yellow': 2, 'Blue': 3, 'White': 2, 'Black': 1}","{'Red': 1350.0, 'Yellow': 588.5, 'Blue': 590.67, 'White': 40900.25, 'Black': 57817.5}"
2025-03-25 11:01:12.965933,"{'Red': 1, 'Yellow': 2, 'Blue': 3, 'White': 2, 'Black': 1}","{'Red': 1350.0, 'Yellow': 588.5, 'Blue': 590.67, 'White': 40900.25, 'Black': 57817.5}"
2025-03-25 11:01:12.981661,"{'Red': 1, 'White': 2, 'Black': 1}","{'Red': 1064.5, 'White': 26533.25, 'Black': 56774.0}"
2025-03-25 11:01:12.997095,"{'Red': 1, 'White': 2, 'Black': 1}","{'Red': 1064.5, 'White': 26533.25, 'Black': 56774.0}"
2025-03-25 11:01:13.012122,"{'White': 1, 'Black': 1}","{'White': 41322.5, 'Black': 58522.0}"
2025-03-25 11:01:13.027508,"{'White': 1, 'Black': 1}","{'White': 41322.5, 'Black': 58522.0}"
2025-03-25 11:01:13.043492,"{'White': 1, 'Black': 1}","{'White': 41322.5, 'Black': 58522.0}"
2025-03-25 11:01:13.058482,"{'White': 3, 'Black': 1}","{'White': 10247.17, 'Black': 64007.5}"
2025-03-25 11:01:13.074466,"{'White': 3, 'Black': 1}","{'White': 10247.17, 'Black': 64007.5}"
2025-03-25 11:01:13.090423,"{'White': 3, 'Black': 1}","{'White': 5665.17, 'Black': 66702.0}"
2025-03-25 11:01:13.106380,"{'White': 3, 'Black': 1}","{'White': 5665.17, 'Black': 66702.0}"
2025-03-25 11:01:13.120342,"{'White': 3, 'Black': 1}","{'White': 5665.17, 'Black': 66702.0}"
2025-03-25 11:01:13.136300,"{'Blue': 1, 'White': 4, 'Black': 1}","{'Blue': 1028.5, 'White': 2598.0, 'Black': 68547.0}"
2025-03-25 11:01:13.152258,"{'Blue': 1, 'White': 4, 'Black': 1}","{'Blue': 1028.5, 'White': 2598.0, 'Black': 68547.0}"
2025-03-25 11:01:13.168195,"{'Blue': 1, 'White': 4, 'Black': 1}","{'Blue': 994.0, 'White': 1960.75, 'Black': 69612.5}"
2025-03-25 11:01:13.182626,"{'Blue': 1, 'White': 4, 'Black': 1}","{'Blue': 994.0, 'White': 1960.75, 'Black': 69612.5}"
2025-03-25 11:01:13.199632,"{'Blue': 1, 'White': 4, 'Black': 1}","{'Blue': 994.0, 'White': 1960.75, 'Black': 69612.5}"
2025-03-25 11:01:13.216032,"{'Blue': 1, 'White': 4, 'Black': 1}","{'Blue': 641.0, 'White': 1976.25, 'Black': 69307.0}"
2025-03-25 11:01:13.231732,"{'Blue': 1, 'White': 4, 'Black': 1}","{'Blue': 641.0, 'White': 1976.25, 'Black': 69307.0}"
2025-03-25 11:01:13.246706,"{'Blue': 1, 'White': 4, 'Black': 1}","{'Blue': 899.0, 'White': 1807.12, 'Black': 68633.0}"
2025-03-25 11:01:13.262209,"{'Blue': 1, 'White': 4, 'Black': 1}","{'Blue': 899.0, 'White': 1807.12, 'Black': 68633.0}"
2025-03-25 11:01:13.277685,"{'Blue': 1, 'White': 4, 'Black': 1}","{'Blue': 899.0, 'White': 1807.12, 'Black': 68633.0}"
2025-03-25 11:01:13.291669,"{'Blue': 2, 'White': 4, 'Black': 1}","{'Blue': 762.25, 'White': 1872.38, 'Black': 68098.0}"
2025-03-25 11:01:13.307193,"{'Blue': 2, 'White': 4, 'Black': 1}","{'Blue': 762.25, 'White': 1872.38, 'Black': 68098.0}"
2025-03-25 11:01:13.318164,"{'Blue': 2, 'White': 4, 'Black': 1}","{'Blue': 762.25, 'White': 1872.38, 'Black': 68098.0}"
2025-03-25 11:01:13.339088,"{'Blue': 1, 'White': 4, 'Black': 1}","{'Blue': 885.0, 'White': 1832.25, 'Black': 67076.5}"
2025-03-25 11:01:13.354819,"{'Blue': 1, 'White': 4, 'Black': 1}","{'Blue': 885.0, 'White': 1832.25, 'Black': 67076.5}"
2025-03-25 11:01:13.369550,"{'Blue': 1, 'White': 4, 'Black': 1}","{'Blue': 1205.5, 'White': 1893.38, 'Black': 65985.5}"
2025-03-25 11:01:13.385382,"{'Blue': 1, 'White': 4, 'Black': 1}","{'Blue': 1205.5, 'White': 1893.38, 'Black': 65985.5}"
2025-03-25 11:01:13.401633,"{'Blue': 1, 'White': 4, 'Black': 1}","{'Blue': 1205.5, 'White': 1893.38, 'Black': 65985.5}"
2025-03-25 11:01:13.415525,"{'Blue': 1, 'White': 4, 'Black': 1}","{'Blue': 1473.0, 'White': 1836.0, 'Black': 66911.5}"
2025-03-25 11:01:13.430831,"{'Blue': 1, 'White': 4, 'Black': 1}","{'Blue': 1473.0, 'White': 1836.0, 'Black': 66911.5}"
2025-03-25 11:01:13.447285,"{'Blue': 1, 'White': 4, 'Black': 1}","{'Blue': 1473.0, 'White': 1836.0, 'Black': 66911.5}"
2025-03-25 11:01:13.462773,"{'Blue': 1, 'White': 4, 'Black': 1}","{'Blue': 1547.5, 'White': 1832.5, 'Black': 66715.0}"
2025-03-25 11:01:13.478166,"{'Blue': 1, 'White': 4, 'Black': 1}","{'Blue': 1547.5, 'White': 1832.5, 'Black': 66715.0}"
2025-03-25 11:01:13.494158,"{'Blue': 2, 'White': 4, 'Black': 1}","{'Blue': 743.25, 'White': 1851.88, 'Black': 67835.5}"
2025-03-25 11:01:13.509624,"{'Blue': 2, 'White': 4, 'Black': 1}","{'Blue': 743.25, 'White': 1851.88, 'Black': 67835.5}"
2025-03-25 11:01:13.525234,"{'Blue': 2, 'White': 4, 'Black': 1}","{'Blue': 743.25, 'White': 1851.88, 'Black': 67835.5}"
2025-03-25 11:01:13.539223,"{'Blue': 2, 'White': 4, 'Black': 1}","{'Blue': 844.0, 'White': 1836.12, 'Black': 67954.0}"
2025-03-25 11:01:13.556264,"{'Blue': 2, 'White': 4, 'Black': 1}","{'Blue': 844.0, 'White': 1836.12, 'Black': 67954.0}"
2025-03-25 11:01:13.571010,"{'Blue': 1, 'White': 4, 'Black': 1}","{'Blue': 1085.0, 'White': 1818.25, 'Black': 66938.0}"
2025-03-25 11:01:13.587705,"{'Blue': 1, 'White': 4, 'Black': 1}","{'Blue': 1085.0, 'White': 1818.25, 'Black': 66938.0}"
2025-03-25 11:01:13.602569,"{'Blue': 1, 'White': 4, 'Black': 1}","{'Blue': 1085.0, 'White': 1818.25, 'Black': 66938.0}"
2025-03-25 11:01:13.617851,"{'Blue': 2, 'White': 4, 'Black': 1}","{'Blue': 709.75, 'White': 1826.25, 'Black': 66856.0}"
2025-03-25 11:01:13.634147,"{'Blue': 2, 'White': 4, 'Black': 1}","{'Blue': 709.75, 'White': 1826.25, 'Black': 66856.0}"
2025-03-25 11:01:13.649440,"{'Blue': 1, 'White': 4, 'Black': 1}","{'Blue': 2020.0, 'White': 1810.25, 'Black': 65909.5}"
2025-03-25 11:01:13.665087,"{'Blue': 1, 'White': 4, 'Black': 1}","{'Blue': 2020.0, 'White': 1810.25, 'Black': 65909.5}"
2025-03-25 11:01:13.680286,"{'Blue': 1, 'White': 4, 'Black': 1}","{'Blue': 2020.0, 'White': 1810.25, 'Black': 65909.5}"
2025-03-25 11:01:13.694329,"{'Blue': 1, 'White': 4, 'Black': 1}","{'Blue': 855.0, 'White': 1743.12, 'Black': 65909.0}"
2025-03-25 11:01:13.710657,"{'Blue': 1, 'White': 4, 'Black': 1}","{'Blue': 855.0, 'White': 1743.12, 'Black': 65909.0}"
2025-03-25 11:01:13.725644,"{'Blue': 1, 'White': 4, 'Black': 1}","{'Blue': 855.0, 'White': 1743.12, 'Black': 65909.0}"
2025-03-25 11:01:13.741374,"{'Blue': 1, 'White': 4, 'Black': 2}","{'Blue': 1167.5, 'White': 1855.62, 'Black': 33045.0}"
2025-03-25 11:01:13.757912,"{'Blue': 1, 'White': 4, 'Black': 2}","{'Blue': 1167.5, 'White': 1855.62, 'Black': 33045.0}"
2025-03-25 11:01:13.773512,"{'Blue': 1, 'White': 4, 'Black': 1}","{'Blue': 1342.0, 'White': 1791.75, 'Black': 65543.5}"
2025-03-25 11:01:13.788203,"{'Blue': 1, 'White': 4, 'Black': 1}","{'Blue': 1342.0, 'White': 1791.75, 'Black': 65543.5}"
2025-03-25 11:01:13.803446,"{'Blue': 1, 'White': 4, 'Black': 1}","{'Blue': 1342.0, 'White': 1791.75, 'Black': 65543.5}"
2025-03-25 11:01:13.819899,"{'Blue': 1, 'White': 4, 'Black': 2}","{'Blue': 999.5, 'White': 1814.5, 'Black': 33065.0}"
2025-03-25 11:01:13.835720,"{'Blue': 1, 'White': 4, 'Black': 2}","{'Blue': 999.5, 'White': 1814.5, 'Black': 33065.0}"
2025-03-25 11:01:13.850005,"{'Blue': 1, 'White': 4, 'Black': 1}","{'Blue': 825.5, 'White': 1811.25, 'Black': 65955.5}"
2025-03-25 11:01:13.865369,"{'Blue': 1, 'White': 4, 'Black': 1}","{'Blue': 825.5, 'White': 1811.25, 'Black': 65955.5}"
2025-03-25 11:01:13.881170,"{'Blue': 1, 'White': 4, 'Black': 1}","{'Blue': 825.5, 'White': 1811.25, 'Black': 65955.5}"
2025-03-25 11:01:13.897394,"{'Blue': 1, 'White': 4, 'Black': 1}","{'Blue': 799.0, 'White': 1777.75, 'Black': 62295.0}"
2025-03-25 11:01:13.913404,"{'Blue': 1, 'White': 4, 'Black': 1}","{'Blue': 799.0, 'White': 1777.75, 'Black': 62295.0}"
2025-03-25 11:01:13.928547,"{'Blue': 1, 'White': 4, 'Black': 1}","{'Blue': 799.0, 'White': 1777.75, 'Black': 62295.0}"
2025-03-25 11:01:13.943538,"{'Blue': 1, 'White': 4, 'Black': 1}","{'Blue': 787.5, 'White': 1760.88, 'Black': 62657.0}"
2025-03-25 11:01:13.959526,"{'Blue': 1, 'White': 4, 'Black': 1}","{'Blue': 787.5, 'White': 1760.88, 'Black': 62657.0}"
2025-03-25 11:01:13.974516,"{'Blue': 1, 'White': 3, 'Black': 1}","{'Blue': 759.5, 'White': 2191.67, 'Black': 66707.0}"
2025-03-25 11:01:13.989722,"{'Blue': 1, 'White': 3, 'Black': 1}","{'Blue': 759.5, 'White': 2191.67, 'Black': 66707.0}"
2025-03-25 11:01:14.004524,"{'Blue': 1, 'White': 3, 'Black': 1}","{'Blue': 759.5, 'White': 2191.67, 'Black': 66707.0}"
2025-03-25 11:01:14.021234,"{'Blue': 1, 'White': 3, 'Black': 1}","{'Blue': 708.5, 'White': 2191.0, 'Black': 61711.0}"
2025-03-25 11:01:14.035218,"{'Blue': 1, 'White': 3, 'Black': 1}","{'Blue': 708.5, 'White': 2191.0, 'Black': 61711.0}"
2025-03-25 11:01:14.052279,"{'Blue': 1, 'White': 3, 'Black': 1}","{'Blue': 708.5, 'White': 2191.0, 'Black': 61711.0}"
2025-03-25 11:01:14.067909,"{'Blue': 2, 'White': 3, 'Black': 1}","{'Blue': 628.25, 'White': 2230.5, 'Black': 61815.0}"
2025-03-25 11:01:14.083356,"{'Blue': 2, 'White': 3, 'Black': 1}","{'Blue': 628.25, 'White': 2230.5, 'Black': 61815.0}"
2025-03-25 11:01:14.098331,"{'Blue': 1, 'White': 3, 'Black': 1}","{'Blue': 569.5, 'White': 2232.33, 'Black': 61878.0}"
2025-03-25 11:01:14.114007,"{'Blue': 1, 'White': 3, 'Black': 1}","{'Blue': 569.5, 'White': 2232.33, 'Black': 61878.0}"
2025-03-25 11:01:14.130009,"{'Blue': 1, 'White': 3, 'Black': 1}","{'Blue': 569.5, 'White': 2232.33, 'Black': 61878.0}"
2025-03-25 11:01:14.145771,"{'Blue': 2, 'White': 4, 'Black': 1}","{'Blue': 651.25, 'White': 1811.12, 'Black': 66658.0}"
2025-03-25 11:01:14.161368,"{'Blue': 2, 'White': 4, 'Black': 1}","{'Blue': 651.25, 'White': 1811.12, 'Black': 66658.0}"
2025-03-25 11:01:14.176275,"{'Blue': 1, 'White': 3, 'Black': 1}","{'Blue': 539.0, 'White': 2224.83, 'Black': 62138.5}"
2025-03-25 11:01:14.191921,"{'Blue': 1, 'White': 3, 'Black': 1}","{'Blue': 539.0, 'White': 2224.83, 'Black': 62138.5}"
2025-03-25 11:01:14.207578,"{'Blue': 1, 'White': 3, 'Black': 1}","{'Blue': 539.0, 'White': 2224.83, 'Black': 62138.5}"
2025-03-25 11:01:14.224581,"{'Blue': 2, 'White': 4, 'Black': 1}","{'Blue': 596.25, 'White': 1784.75, 'Black': 62000.5}"
2025-03-25 11:01:14.239420,"{'Blue': 2, 'White': 4, 'Black': 1}","{'Blue': 596.25, 'White': 1784.75, 'Black': 62000.5}"
2025-03-25 11:01:14.255129,"{'Blue': 2, 'White': 4, 'Black': 1}","{'Blue': 597.25, 'White': 1788.0, 'Black': 61507.5}"
2025-03-25 11:01:14.270690,"{'Blue': 2, 'White': 4, 'Black': 1}","{'Blue': 597.25, 'White': 1788.0, 'Black': 61507.5}"
2025-03-25 11:01:14.286626,"{'Blue': 1, 'White': 4, 'Black': 1}","{'Blue': 508.5, 'White': 1775.0, 'Black': 61290.0}"
2025-03-25 11:01:14.301615,"{'Blue': 1, 'White': 4, 'Black': 1}","{'Blue': 508.5, 'White': 1775.0, 'Black': 61290.0}"
2025-03-25 11:01:14.316604,"{'Blue': 1, 'White': 4, 'Black': 1}","{'Blue': 508.5, 'White': 1775.0, 'Black': 61290.0}"
2025-03-25 11:01:14.332584,"{'Blue': 2, 'White': 4, 'Black': 1}","{'Blue': 617.0, 'White': 1816.25, 'Black': 65633.5}"
2025-03-25 11:01:14.348609,"{'Blue': 2, 'White': 4, 'Black': 1}","{'Blue': 617.0, 'White': 1816.25, 'Black': 65633.5}"
2025-03-25 11:01:14.364345,"{'Blue': 2, 'White': 4, 'Black': 1}","{'Blue': 617.0, 'White': 1816.25, 'Black': 65633.5}"
2025-03-25 11:01:14.379626,"{'Blue': 3, 'White': 4, 'Black': 1}","{'Blue': 552.0, 'White': 1766.75, 'Black': 60659.0}"
2025-03-25 11:01:14.394615,"{'Blue': 3, 'White': 4, 'Black': 1}","{'Blue': 552.0, 'White': 1766.75, 'Black': 60659.0}"
2025-03-25 11:01:14.409534,"{'Blue': 1, 'White': 4, 'Black': 1}","{'Blue': 559.5, 'White': 1792.5, 'Black': 61410.0}"
2025-03-25 11:01:14.425158,"{'Blue': 1, 'White': 4, 'Black': 1}","{'Blue': 559.5, 'White': 1792.5, 'Black': 61410.0}"
2025-03-25 11:01:14.441422,"{'Blue': 1, 'White': 4, 'Black': 1}","{'Blue': 559.5, 'White': 1792.5, 'Black': 61410.0}"
2025-03-25 11:01:14.457436,"{'Blue': 2, 'White': 4, 'Black': 1}","{'Blue': 655.25, 'White': 1810.0, 'Black': 60939.5}"
2025-03-25 11:01:14.473170,"{'Blue': 2, 'White': 4, 'Black': 1}","{'Blue': 655.25, 'White': 1810.0, 'Black': 60939.5}"
2025-03-25 11:01:14.488313,"{'Blue': 2, 'White': 4, 'Black': 1}","{'Blue': 857.5, 'White': 1825.5, 'Black': 61285.0}"
2025-03-25 11:01:14.503298,"{'Blue': 2, 'White': 4, 'Black': 1}","{'Blue': 857.5, 'White': 1825.5, 'Black': 61285.0}"
2025-03-25 11:01:14.519279,"{'Blue': 2, 'White': 4, 'Black': 1}","{'Blue': 857.5, 'White': 1825.5, 'Black': 61285.0}"
2025-03-25 11:01:14.534266,"{'Blue': 2, 'White': 4, 'Black': 1}","{'Blue': 728.75, 'White': 1819.25, 'Black': 61173.0}"
2025-03-25 11:01:14.550255,"{'Blue': 2, 'White': 4, 'Black': 1}","{'Blue': 728.75, 'White': 1819.25, 'Black': 61173.0}"
2025-03-25 11:01:14.565121,"{'Blue': 2, 'White': 4, 'Black': 1}","{'Blue': 728.75, 'White': 1819.25, 'Black': 61173.0}"
2025-03-25 11:01:14.580109,"{'Blue': 2, 'White': 4, 'Black': 1}","{'Blue': 556.0, 'White': 1813.5, 'Black': 66216.5}"
2025-03-25 11:01:14.595748,"{'Blue': 2, 'White': 4, 'Black': 1}","{'Blue': 556.0, 'White': 1813.5, 'Black': 66216.5}"
2025-03-25 11:01:14.610205,"{'Blue': 1, 'White': 4, 'Black': 1}","{'Blue': 1229.5, 'White': 1789.25, 'Black': 60947.5}"
2025-03-25 11:01:14.621176,"{'Blue': 1, 'White': 4, 'Black': 1}","{'Blue': 1229.5, 'White': 1789.25, 'Black': 60947.5}"
2025-03-25 11:01:14.643257,"{'Blue': 1, 'White': 4, 'Black': 1}","{'Blue': 1229.5, 'White': 1789.25, 'Black': 60947.5}"
2025-03-25 11:01:14.658962,"{'Blue': 2, 'White': 4, 'Black': 1}","{'Blue': 945.5, 'White': 1838.62, 'Black': 60039.5}"
2025-03-25 11:01:14.674807,"{'Blue': 2, 'White': 4, 'Black': 1}","{'Blue': 945.5, 'White': 1838.62, 'Black': 60039.5}"
2025-03-25 11:01:14.690433,"{'Blue': 2, 'White': 4, 'Black': 1}","{'Blue': 945.5, 'White': 1838.62, 'Black': 60039.5}"
2025-03-25 11:01:14.706210,"{'Blue': 2, 'White': 4, 'Black': 1}","{'Blue': 760.25, 'White': 1863.5, 'Black': 60408.0}"
2025-03-25 11:01:14.722167,"{'Blue': 2, 'White': 4, 'Black': 1}","{'Blue': 760.25, 'White': 1863.5, 'Black': 60408.0}"
2025-03-25 11:01:14.737127,"{'Blue': 2, 'White': 4, 'Black': 1}","{'Blue': 1001.5, 'White': 1843.38, 'Black': 59580.0}"
2025-03-25 11:01:14.753084,"{'Blue': 2, 'White': 4, 'Black': 1}","{'Blue': 1001.5, 'White': 1843.38, 'Black': 59580.0}"
2025-03-25 11:01:14.769042,"{'Blue': 3, 'White': 4, 'Black': 1}","{'Blue': 642.33, 'White': 1830.88, 'Black': 59359.0}"
2025-03-25 11:01:14.785000,"{'Blue': 3, 'White': 4, 'Black': 1}","{'Blue': 642.33, 'White': 1830.88, 'Black': 59359.0}"
2025-03-25 11:01:14.801732,"{'Blue': 3, 'White': 4, 'Black': 1}","{'Blue': 642.33, 'White': 1830.88, 'Black': 59359.0}"
2025-03-25 11:01:14.817718,"{'Blue': 3, 'White': 4, 'Black': 1}","{'Blue': 698.17, 'White': 1883.75, 'Black': 59267.0}"
2025-03-25 11:01:14.832703,"{'Blue': 3, 'White': 4, 'Black': 1}","{'Blue': 698.17, 'White': 1883.75, 'Black': 59267.0}"
2025-03-25 11:01:14.848662,"{'Blue': 3, 'White': 4, 'Black': 1}","{'Blue': 687.83, 'White': 1867.62, 'Black': 58402.0}"
2025-03-25 11:01:14.863647,"{'Blue': 3, 'White': 4, 'Black': 1}","{'Blue': 687.83, 'White': 1867.62, 'Black': 58402.0}"
2025-03-25 11:01:14.879655,"{'Blue': 3, 'White': 4, 'Black': 1}","{'Blue': 687.83, 'White': 1867.62, 'Black': 58402.0}"
2025-03-25 11:01:14.894665,"{'Blue': 3, 'White': 4, 'Black': 1}","{'Blue': 808.5, 'White': 1896.38, 'Black': 58329.5}"
2025-03-25 11:01:14.909697,"{'Blue': 3, 'White': 4, 'Black': 1}","{'Blue': 808.5, 'White': 1896.38, 'Black': 58329.5}"
2025-03-25 11:01:14.924817,"{'Blue': 3, 'White': 4, 'Black': 1}","{'Blue': 808.5, 'White': 1896.38, 'Black': 58329.5}"
2025-03-25 11:01:14.939939,"{'Blue': 3, 'White': 4, 'Black': 1}","{'Blue': 920.5, 'White': 1851.38, 'Black': 57995.5}"
2025-03-25 11:01:14.955814,"{'Blue': 3, 'White': 4, 'Black': 1}","{'Blue': 920.5, 'White': 1851.38, 'Black': 57995.5}"
2025-03-25 11:01:14.971642,"{'Blue': 3, 'White': 4, 'Black': 1}","{'Blue': 835.0, 'White': 1855.12, 'Black': 57530.0}"
2025-03-25 11:01:14.987181,"{'Blue': 3, 'White': 4, 'Black': 1}","{'Blue': 835.0, 'White': 1855.12, 'Black': 57530.0}"
2025-03-25 11:01:15.002436,"{'Blue': 3, 'White': 4, 'Black': 1}","{'Blue': 835.0, 'White': 1855.12, 'Black': 57530.0}"
2025-03-25 11:01:15.017353,"{'Blue': 2, 'White': 4, 'Black': 1}","{'Blue': 1417.0, 'White': 1879.75, 'Black': 58331.5}"
2025-03-25 11:01:15.033335,"{'Blue': 2, 'White': 4, 'Black': 1}","{'Blue': 1417.0, 'White': 1879.75, 'Black': 58331.5}"
2025-03-25 11:01:15.048486,"{'Blue': 2, 'White': 4, 'Black': 1}","{'Blue': 1417.0, 'White': 1879.75, 'Black': 58331.5}"
2025-03-25 11:01:15.064280,"{'Blue': 3, 'White': 4, 'Black': 1}","{'Blue': 930.17, 'White': 1853.75, 'Black': 58213.5}"
2025-03-25 11:01:15.079275,"{'Blue': 3, 'White': 4, 'Black': 1}","{'Blue': 930.17, 'White': 1853.75, 'Black': 58213.5}"
2025-03-25 11:01:15.093869,"{'Blue': 3, 'White': 4, 'Black': 1}","{'Blue': 871.33, 'White': 1927.5, 'Black': 57730.5}"
2025-03-25 11:01:15.110106,"{'Blue': 3, 'White': 4, 'Black': 1}","{'Blue': 871.33, 'White': 1927.5, 'Black': 57730.5}"
2025-03-25 11:01:15.125830,"{'Blue': 3, 'White': 4, 'Black': 1}","{'Blue': 871.33, 'White': 1927.5, 'Black': 57730.5}"
2025-03-25 11:01:15.141438,"{'Blue': 2, 'White': 4, 'Black': 1}","{'Blue': 1099.25, 'White': 1892.38, 'Black': 57470.0}"
2025-03-25 11:01:15.157291,"{'Blue': 2, 'White': 4, 'Black': 1}","{'Blue': 1099.25, 'White': 1892.38, 'Black': 57470.0}"
2025-03-25 11:01:15.171888,"{'Blue': 2, 'White': 4, 'Black': 1}","{'Blue': 989.25, 'White': 1829.25, 'Black': 57504.5}"
2025-03-25 11:01:15.187171,"{'Blue': 2, 'White': 4, 'Black': 1}","{'Blue': 989.25, 'White': 1829.25, 'Black': 57504.5}"
2025-03-25 11:01:15.203286,"{'Blue': 2, 'White': 4, 'Black': 1}","{'Blue': 989.25, 'White': 1829.25, 'Black': 57504.5}"
2025-03-25 11:01:15.219273,"{'Blue': 3, 'White': 4, 'Black': 1}","{'Blue': 881.83, 'White': 1850.25, 'Black': 57187.5}"
2025-03-25 11:01:15.234262,"{'Blue': 3, 'White': 4, 'Black': 1}","{'Blue': 881.83, 'White': 1850.25, 'Black': 57187.5}"
2025-03-25 11:01:15.249222,"{'Blue': 3, 'White': 4, 'Black': 1}","{'Blue': 905.17, 'White': 1845.88, 'Black': 57461.5}"
2025-03-25 11:01:15.264110,"{'Blue': 3, 'White': 4, 'Black': 1}","{'Blue': 905.17, 'White': 1845.88, 'Black': 57461.5}"
2025-03-25 11:01:15.279488,"{'Blue': 3, 'White': 4, 'Black': 1}","{'Blue': 905.17, 'White': 1845.88, 'Black': 57461.5}"
2025-03-25 11:01:15.295387,"{'Blue': 3, 'White': 4, 'Black': 1}","{'Blue': 756.83, 'White': 1855.5, 'Black': 57181.0}"
2025-03-25 11:01:15.310619,"{'Blue': 3, 'White': 4, 'Black': 1}","{'Blue': 756.83, 'White': 1855.5, 'Black': 57181.0}"
2025-03-25 11:01:15.326268,"{'Blue': 3, 'White': 4, 'Black': 1}","{'Blue': 756.83, 'White': 1855.5, 'Black': 57181.0}"
2025-03-25 11:01:15.341917,"{'Blue': 3, 'White': 4, 'Black': 1}","{'Blue': 912.17, 'White': 1881.38, 'Black': 57355.0}"
2025-03-25 11:01:15.357773,"{'Blue': 3, 'White': 4, 'Black': 1}","{'Blue': 912.17, 'White': 1881.38, 'Black': 57355.0}"
2025-03-25 11:01:15.372944,"{'Blue': 3, 'White': 4, 'Black': 2}","{'Blue': 873.83, 'White': 1870.0, 'Black': 28641.75}"
2025-03-25 11:01:15.387933,"{'Blue': 3, 'White': 4, 'Black': 2}","{'Blue': 873.83, 'White': 1870.0, 'Black': 28641.75}"
2025-03-25 11:01:15.403211,"{'Blue': 3, 'White': 4, 'Black': 2}","{'Blue': 873.83, 'White': 1870.0, 'Black': 28641.75}"
2025-03-25 11:01:15.419197,"{'Blue': 2, 'White': 4, 'Black': 1}","{'Blue': 1493.5, 'White': 1883.75, 'Black': 57053.0}"
2025-03-25 11:01:15.434833,"{'Blue': 2, 'White': 4, 'Black': 1}","{'Blue': 1493.5, 'White': 1883.75, 'Black': 57053.0}"
2025-03-25 11:01:15.450787,"{'Blue': 3, 'White': 4, 'Black': 1}","{'Blue': 1040.17, 'White': 1892.88, 'Black': 56460.0}"
2025-03-25 11:01:15.465623,"{'Blue': 3, 'White': 4, 'Black': 1}","{'Blue': 1040.17, 'White': 1892.88, 'Black': 56460.0}"
2025-03-25 11:01:15.480876,"{'Blue': 3, 'White': 4, 'Black': 1}","{'Blue': 1040.17, 'White': 1892.88, 'Black': 56460.0}"
2025-03-25 11:01:15.496766,"{'Blue': 3, 'White': 4, 'Black': 1}","{'Blue': 898.5, 'White': 1849.38, 'Black': 56707.5}"
2025-03-25 11:01:15.511943,"{'Blue': 3, 'White': 4, 'Black': 1}","{'Blue': 898.5, 'White': 1849.38, 'Black': 56707.5}"
2025-03-25 11:01:15.527109,"{'Blue': 3, 'White': 4, 'Black': 1}","{'Blue': 898.5, 'White': 1849.38, 'Black': 56707.5}"
2025-03-25 11:01:15.542410,"{'Blue': 3, 'White': 4, 'Black': 1}","{'Blue': 935.33, 'White': 1848.0, 'Black': 56811.5}"
2025-03-25 11:01:15.558253,"{'Blue': 3, 'White': 4, 'Black': 1}","{'Blue': 935.33, 'White': 1848.0, 'Black': 56811.5}"
2025-03-25 11:01:15.573858,"{'Blue': 2, 'White': 4, 'Black': 1}","{'Blue': 1016.75, 'White': 1862.62, 'Black': 56728.5}"
2025-03-25 11:01:15.589837,"{'Blue': 2, 'White': 4, 'Black': 1}","{'Blue': 1016.75, 'White': 1862.62, 'Black': 56728.5}"
2025-03-25 11:01:15.605771,"{'Blue': 2, 'White': 4, 'Black': 1}","{'Blue': 1016.75, 'White': 1862.62, 'Black': 56728.5}"
2025-03-25 11:01:15.621745,"{'Blue': 2, 'White': 4, 'Black': 1}","{'Blue': 1065.5, 'White': 1864.62, 'Black': 56950.0}"
2025-03-25 11:01:15.636464,"{'Blue': 2, 'White': 4, 'Black': 1}","{'Blue': 1065.5, 'White': 1864.62, 'Black': 56950.0}"
2025-03-25 11:01:15.651639,"{'Blue': 2, 'White': 4, 'Black': 1}","{'Blue': 1065.5, 'White': 1864.62, 'Black': 56950.0}"
2025-03-25 11:01:15.667622,"{'Blue': 3, 'White': 4, 'Black': 2}","{'Blue': 956.5, 'White': 1872.5, 'Black': 28248.75}"
2025-03-25 11:01:15.684499,"{'Blue': 3, 'White': 4, 'Black': 2}","{'Blue': 956.5, 'White': 1872.5, 'Black': 28248.75}"
2025-03-25 11:01:15.698488,"{'Blue': 3, 'White': 4, 'Black': 1}","{'Blue': 795.33, 'White': 1899.25, 'Black': 56167.5}"
2025-03-25 11:01:15.714179,"{'Blue': 3, 'White': 4, 'Black': 1}","{'Blue': 795.33, 'White': 1899.25, 'Black': 56167.5}"
2025-03-25 11:01:15.729312,"{'Blue': 3, 'White': 4, 'Black': 1}","{'Blue': 795.33, 'White': 1899.25, 'Black': 56167.5}"
2025-03-25 11:01:15.744273,"{'Blue': 3, 'White': 4, 'Black': 1}","{'Blue': 803.67, 'White': 1866.88, 'Black': 56591.5}"
2025-03-25 11:01:15.759595,"{'Blue': 3, 'White': 4, 'Black': 1}","{'Blue': 803.67, 'White': 1866.88, 'Black': 56591.5}"
2025-03-25 11:01:15.775389,"{'Blue': 3, 'White': 4, 'Black': 1}","{'Blue': 803.67, 'White': 1866.88, 'Black': 56591.5}"
2025-03-25 11:01:15.791150,"{'Blue': 3, 'White': 4, 'Black': 1}","{'Blue': 849.17, 'White': 1860.62, 'Black': 56054.0}"
2025-03-25 11:01:15.807224,"{'Blue': 3, 'White': 4, 'Black': 1}","{'Blue': 849.17, 'White': 1860.62, 'Black': 56054.0}"
2025-03-25 11:01:15.823143,"{'Blue': 3, 'White': 4, 'Black': 1}","{'Blue': 925.17, 'White': 1874.25, 'Black': 56113.0}"
2025-03-25 11:01:15.838895,"{'Blue': 3, 'White': 4, 'Black': 1}","{'Blue': 925.17, 'White': 1874.25, 'Black': 56113.0}"
2025-03-25 11:01:15.854588,"{'Blue': 3, 'White': 4, 'Black': 1}","{'Blue': 925.17, 'White': 1874.25, 'Black': 56113.0}"
2025-03-25 11:01:15.871052,"{'Blue': 3, 'White': 4, 'Black': 1}","{'Blue': 1164.0, 'White': 1882.38, 'Black': 55761.5}"
2025-03-25 11:01:15.885042,"{'Blue': 3, 'White': 4, 'Black': 1}","{'Blue': 1164.0, 'White': 1882.38, 'Black': 55761.5}"
2025-03-25 11:01:15.900284,"{'Blue': 3, 'White': 4, 'Black': 1}","{'Blue': 995.83, 'White': 1920.75, 'Black': 60500.0}"
2025-03-25 11:01:15.916142,"{'Blue': 3, 'White': 4, 'Black': 1}","{'Blue': 995.83, 'White': 1920.75, 'Black': 60500.0}"
2025-03-25 11:01:15.930482,"{'Blue': 4, 'White': 4, 'Black': 1}","{'Blue': 909.88, 'White': 1881.0, 'Black': 60058.0}"
2025-03-25 11:01:15.945443,"{'Blue': 4, 'White': 4, 'Black': 1}","{'Blue': 909.88, 'White': 1881.0, 'Black': 60058.0}"
2025-03-25 11:01:15.961400,"{'Blue': 4, 'White': 4, 'Black': 1}","{'Blue': 909.88, 'White': 1881.0, 'Black': 60058.0}"
2025-03-25 11:01:15.976805,"{'Blue': 2, 'White': 4, 'Black': 1}","{'Blue': 1764.0, 'White': 1952.88, 'Black': 59105.0}"
2025-03-25 11:01:15.992762,"{'Blue': 2, 'White': 4, 'Black': 1}","{'Blue': 1764.0, 'White': 1952.88, 'Black': 59105.0}"
2025-03-25 11:01:16.008720,"{'Blue': 2, 'White': 4, 'Black': 1}","{'Blue': 1764.0, 'White': 1952.88, 'Black': 59105.0}"
2025-03-25 11:01:16.023707,"{'Blue': 3, 'White': 3, 'Black': 1}","{'Blue': 1332.83, 'White': 2364.5, 'Black': 51679.5}"
2025-03-25 11:01:16.038700,"{'Blue': 3, 'White': 3, 'Black': 1}","{'Blue': 1332.83, 'White': 2364.5, 'Black': 51679.5}"
2025-03-25 11:01:16.055201,"{'Blue': 2, 'White': 3, 'Black': 1}","{'Blue': 2630.25, 'White': 2485.33, 'Black': 48974.5}"
2025-03-25 11:01:16.071183,"{'Blue': 2, 'White': 3, 'Black': 1}","{'Blue': 2630.25, 'White': 2485.33, 'Black': 48974.5}"
2025-03-25 11:01:16.087173,"{'Blue': 2, 'White': 3, 'Black': 1}","{'Blue': 2630.25, 'White': 2485.33, 'Black': 48974.5}"
2025-03-25 11:01:16.102445,"{'Blue': 2, 'White': 3, 'Black': 1}","{'Blue': 1982.5, 'White': 2580.17, 'Black': 47258.0}"
2025-03-25 11:01:16.118044,"{'Blue': 2, 'White': 3, 'Black': 1}","{'Blue': 1982.5, 'White': 2580.17, 'Black': 47258.0}"
2025-03-25 11:01:16.133345,"{'Blue': 3, 'White': 3, 'Black': 1}","{'Blue': 1554.5, 'White': 2629.67, 'Black': 44761.0}"
2025-03-25 11:01:16.147336,"{'Blue': 3, 'White': 3, 'Black': 1}","{'Blue': 1554.5, 'White': 2629.67, 'Black': 44761.0}"
2025-03-25 11:01:16.158307,"{'Blue': 3, 'White': 3, 'Black': 1}","{'Blue': 1554.5, 'White': 2629.67, 'Black': 44761.0}"
2025-03-25 11:01:16.179803,"{'Blue': 3, 'White': 3, 'Black': 1}","{'Blue': 1554.5, 'White': 2629.67, 'Black': 44761.0}"
2025-03-25 11:01:16.193965,"{'Blue': 2, 'White': 3, 'Black': 1}","{'Blue': 2711.0, 'White': 2625.33, 'Black': 41997.0}"
2025-03-25 11:01:16.209182,"{'Blue': 2, 'White': 3, 'Black': 1}","{'Blue': 2711.0, 'White': 2625.33, 'Black': 41997.0}"
2025-03-25 11:01:16.224527,"{'Blue': 2, 'White': 3, 'Black': 2}","{'Blue': 2560.5, 'White': 2771.17, 'Black': 19177.25}"
2025-03-25 11:01:16.240725,"{'Blue': 2, 'White': 3, 'Black': 2}","{'Blue': 2560.5, 'White': 2771.17, 'Black': 19177.25}"
2025-03-25 11:01:16.256038,"{'Blue': 2, 'White': 3, 'Black': 2}","{'Blue': 3491.5, 'White': 2939.67, 'Black': 15611.0}"
2025-03-25 11:01:16.271587,"{'Blue': 2, 'White': 3, 'Black': 2}","{'Blue': 3491.5, 'White': 2939.67, 'Black': 15611.0}"
2025-03-25 11:01:16.286724,"{'Blue': 2, 'White': 3, 'Black': 2}","{'Blue': 3491.5, 'White': 2939.67, 'Black': 15611.0}"
2025-03-25 11:01:16.301929,"{'Blue': 2, 'White': 3, 'Black': 2}","{'Blue': 4246.0, 'White': 2990.83, 'Black': 11741.75}"
2025-03-25 11:01:16.317521,"{'Blue': 2, 'White': 3, 'Black': 2}","{'Blue': 4246.0, 'White': 2990.83, 'Black': 11741.75}"
2025-03-25 11:01:16.332796,"{'Blue': 2, 'White': 3, 'Black': 2}","{'Blue': 4246.0, 'White': 2990.83, 'Black': 11741.75}"
2025-03-25 11:01:16.347724,"{'Blue': 3, 'White': 3, 'Black': 2}","{'Blue': 3196.67, 'White': 3180.33, 'Black': 7885.0}"
2025-03-25 11:01:16.364305,"{'Blue': 3, 'White': 3, 'Black': 2}","{'Blue': 3196.67, 'White': 3180.33, 'Black': 7885.0}"
2025-03-25 11:01:16.379265,"{'Blue': 4, 'White': 3, 'Black': 1}","{'Blue': 2681.5, 'White': 3134.17, 'Black': 9849.5}"
2025-03-25 11:01:16.395299,"{'Blue': 4, 'White': 3, 'Black': 1}","{'Blue': 2681.5, 'White': 3134.17, 'Black': 9849.5}"
2025-03-25 11:01:16.411128,"{'Blue': 4, 'White': 2, 'Black': 1}","{'Blue': 1574.12, 'White': 3395.75, 'Black': 9426.5}"
2025-03-25 11:01:16.426006,"{'Blue': 4, 'White': 2, 'Black': 1}","{'Blue': 1574.12, 'White': 3395.75, 'Black': 9426.5}"
2025-03-25 11:01:16.442323,"{'Blue': 4, 'White': 2, 'Black': 1}","{'Blue': 1574.12, 'White': 3395.75, 'Black': 9426.5}"
2025-03-25 11:01:16.457227,"{'Blue': 4, 'White': 2, 'Black': 1}","{'Blue': 863.62, 'White': 2757.0, 'Black': 8890.0}"
2025-03-25 11:01:16.473215,"{'Blue': 4, 'White': 2, 'Black': 1}","{'Blue': 863.62, 'White': 2757.0, 'Black': 8890.0}"
2025-03-25 11:01:16.488706,"{'Blue': 4, 'White': 2, 'Black': 1}","{'Blue': 863.62, 'White': 2757.0, 'Black': 8890.0}"
2025-03-25 11:01:16.504729,"{'Blue': 1, 'White': 2, 'Black': 1}","{'Blue': 939.5, 'White': 2782.75, 'Black': 6919.5}"
2025-03-25 11:01:16.520413,"{'Blue': 1, 'White': 2, 'Black': 1}","{'Blue': 939.5, 'White': 2782.75, 'Black': 6919.5}"
2025-03-25 11:01:16.536376,"{'Blue': 1, 'White': 2, 'Black': 1}","{'Blue': 834.0, 'White': 2086.5, 'Black': 3578.0}"
2025-03-25 11:01:16.551369,"{'Blue': 1, 'White': 2, 'Black': 1}","{'Blue': 834.0, 'White': 2086.5, 'Black': 3578.0}"
2025-03-25 11:01:16.566872,"{'Blue': 1, 'White': 2, 'Black': 1}","{'Blue': 834.0, 'White': 2086.5, 'Black': 3578.0}"
2025-03-25 11:01:16.582658,"{'Blue': 1, 'White': 2, 'Black': 2}","{'Blue': 1257.0, 'White': 1625.75, 'Black': 1659.5}"
2025-03-25 11:01:16.598616,"{'Blue': 1, 'White': 2, 'Black': 2}","{'Blue': 1257.0, 'White': 1625.75, 'Black': 1659.5}"
2025-03-25 11:01:16.614574,"{'White': 2, 'Black': 3}","{'White': 1388.75, 'Black': 3507.0}"
2025-03-25 11:01:16.630376,"{'White': 2, 'Black': 3}","{'White': 1388.75, 'Black': 3507.0}"
2025-03-25 11:01:16.646148,"{'White': 2, 'Black': 3}","{'White': 1388.75, 'Black': 3507.0}"
2025-03-25 11:01:16.661763,"{'White': 2, 'Black': 3}","{'White': 1317.0, 'Black': 8239.17}"
2025-03-25 11:01:16.677447,"{'White': 2, 'Black': 3}","{'White': 1317.0, 'Black': 8239.17}"
2025-03-25 11:01:16.692315,"{'White': 1, 'Black': 2}","{'White': 1161.5, 'Black': 21315.0}"
2025-03-25 11:01:16.708772,"{'White': 1, 'Black': 2}","{'White': 1161.5, 'Black': 21315.0}"
2025-03-25 11:01:16.723927,"{'White': 1, 'Black': 2}","{'White': 1161.5, 'Black': 21315.0}"
2025-03-25 11:01:16.739076,{'Black': 2},{'Black': 28521.25}
2025-03-25 11:01:16.754606,{'Black': 2},{'Black': 28521.25}
2025-03-25 11:01:16.769821,{'Black': 2},{'Black': 28521.25}
2025-03-25 11:01:16.785812,{'Black': 2},{'Black': 37055.25}
2025-03-25 11:01:16.800802,{'Black': 2},{'Black': 37055.25}
2025-03-25 11:01:16.815725,{'Black': 2},{'Black': 45962.5}
2025-03-25 11:01:16.832743,{'Black': 2},{'Black': 45962.5}
2025-03-25 11:01:16.848000,{'Black': 2},{'Black': 45962.5}
2025-03-25 11:01:16.862754,{'Black': 2},{'Black': 49129.25}
2025-03-25 11:01:16.878752,{'Black': 2},{'Black': 49129.25}
2025-03-25 11:01:16.894768,{'Black': 3},{'Black': 30844.5}
2025-03-25 11:01:16.910500,{'Black': 3},{'Black': 30844.5}
2025-03-25 11:01:16.925769,{'Black': 3},{'Black': 30844.5}
2025-03-25 11:01:16.941797,"{'Green': 2, 'Black': 2}","{'Green': 1145.0, 'Black': 43703.5}"
2025-03-25 11:01:16.956953,"{'Green': 2, 'Black': 2}","{'Green': 1145.0, 'Black': 43703.5}"
2025-03-25 11:01:16.973156,"{'Green': 2, 'Black': 2}","{'Green': 1145.0, 'Black': 43703.5}"
2025-03-25 11:01:16.988647,"{'Green': 2, 'Black': 2}","{'Green': 1145.0, 'Black': 43703.5}"
2025-03-25 11:01:17.003640,"{'Green': 1, 'Black': 4}","{'Green': 5425.0, 'Black': 10158.38}"
2025-03-25 11:01:17.018938,"{'Green': 1, 'Black': 4}","{'Green': 5425.0, 'Black': 10158.38}"
2025-03-25 11:01:17.034099,"{'Green': 1, 'Black': 4}","{'Green': 5425.0, 'Black': 10158.38}"
2025-03-25 11:01:17.054924,"{'Green': 1, 'Black': 4}","{'Green': 5425.0, 'Black': 10158.38}"
2025-03-25 11:01:17.081395,"{'Green': 3, 'Black': 3}","{'Green': 3822.5, 'Black': 10592.33}"
2025-03-25 11:01:17.097006,"{'Green': 3, 'Black': 3}","{'Green': 3822.5, 'Black': 10592.33}"
2025-03-25 11:01:17.110982,"{'Green': 1, 'White': 1, 'Black': 3}","{'Green': 11975.5, 'White': 4962.0, 'Black': 11299.17}"
2025-03-25 11:01:17.127111,"{'Green': 1, 'White': 1, 'Black': 3}","{'Green': 11975.5, 'White': 4962.0, 'Black': 11299.17}"
2025-03-25 11:01:17.142805,"{'Red': 1, 'Green': 1, 'White': 2, 'Black': 4}","{'Red': 604.0, 'Green': 12057.0, 'White': 7298.25, 'Black': 7826.75}"
2025-03-25 11:01:17.158745,"{'Red': 1, 'Green': 1, 'White': 2, 'Black': 4}","{'Red': 604.0, 'Green': 12057.0, 'White': 7298.25, 'Black': 7826.75}"
2025-03-25 11:01:17.174583,"{'Red': 1, 'Green': 1, 'White': 2, 'Black': 4}","{'Red': 604.0, 'Green': 12057.0, 'White': 7298.25, 'Black': 7826.75}"
2025-03-25 11:01:17.189942,"{'Red': 1, 'Green': 1, 'White': 2, 'Black': 4}","{'Red': 832.0, 'Green': 10535.0, 'White': 11253.25, 'Black': 7601.62}"
2025-03-25 11:01:17.204926,"{'Red': 1, 'Green': 1, 'White': 2, 'Black': 4}","{'Red': 832.0, 'Green': 10535.0, 'White': 11253.25, 'Black': 7601.62}"
2025-03-25 11:01:17.221881,"{'Red': 1, 'Green': 1, 'White': 2, 'Black': 4}","{'Red': 832.0, 'Green': 10535.0, 'White': 11253.25, 'Black': 7601.62}"
2025-03-25 11:01:17.235844,"{'Green': 1, 'Blue': 1, 'White': 3, 'Black': 3}","{'Green': 7288.0, 'Blue': 1247.5, 'White': 8596.33, 'Black': 10998.83}"
2025-03-25 11:01:17.251802,"{'Green': 1, 'Blue': 1, 'White': 3, 'Black': 3}","{'Green': 7288.0, 'Blue': 1247.5, 'White': 8596.33, 'Black': 10998.83}"
2025-03-25 11:01:17.268757,"{'Green': 1, 'Blue': 1, 'White': 3, 'Black': 3}","{'Green': 7288.0, 'Blue': 1247.5, 'White': 8596.33, 'Black': 10998.83}"
2025-03-25 11:01:17.283716,"{'Red': 1, 'Green': 1, 'Blue': 1, 'White': 3, 'Black': 4}","{'Red': 786.5, 'Green': 3935.0, 'Blue': 2447.5, 'White': 11421.83, 'Black': 6684.62}"
2025-03-25 11:01:17.298951,"{'Red': 1, 'Green': 1, 'Blue': 1, 'White': 3, 'Black': 4}","{'Red': 786.5, 'Green': 3935.0, 'Blue': 2447.5, 'White': 11421.83, 'Black': 6684.62}"
2025-03-25 11:01:17.315398,"{'Red': 1, 'Green': 1, 'Blue': 1, 'White': 3, 'Black': 4}","{'Red': 786.5, 'Green': 3935.0, 'Blue': 2447.5, 'White': 11421.83, 'Black': 6684.62}"
2025-03-25 11:01:17.331029,"{'Red': 1, 'Green': 1, 'Blue': 1, 'White': 3, 'Black': 4}","{'Red': 786.5, 'Green': 3935.0, 'Blue': 2447.5, 'White': 11421.83, 'Black': 6684.62}"
2025-03-25 11:01:17.346311,"{'Green': 1, 'Blue': 1, 'White': 3, 'Black': 3}","{'Green': 5823.0, 'Blue': 4041.5, 'White': 11507.33, 'Black': 9865.67}"
2025-03-25 11:01:17.361291,"{'Green': 1, 'Blue': 1, 'White': 3, 'Black': 3}","{'Green': 5823.0, 'Blue': 4041.5, 'White': 11507.33, 'Black': 9865.67}"
2025-03-25 11:01:17.377277,"{'Green': 1, 'Blue': 1, 'White': 3, 'Black': 3}","{'Green': 5823.0, 'Blue': 4041.5, 'White': 11507.33, 'Black': 9865.67}"
2025-03-25 11:01:17.392724,"{'Red': 2, 'Green': 1, 'Blue': 1, 'White': 4, 'Black': 3}","{'Red': 705.0, 'Green': 5497.0, 'Blue': 4007.5, 'White': 9443.62, 'Black': 9995.67}"
2025-03-25 11:01:17.407945,"{'Red': 2, 'Green': 1, 'Blue': 1, 'White': 4, 'Black': 3}","{'Red': 705.0, 'Green': 5497.0, 'Blue': 4007.5, 'White': 9443.62, 'Black': 9995.67}"
2025-03-25 11:01:17.424292,"{'Red': 2, 'Green': 1, 'Blue': 1, 'White': 4, 'Black': 3}","{'Red': 705.0, 'Green': 5497.0, 'Blue': 4007.5, 'White': 9443.62, 'Black': 9995.67}"
2025-03-25 11:01:17.438898,"{'Red': 2, 'Green': 1, 'Blue': 1, 'White': 4, 'Black': 3}","{'Red': 705.0, 'Green': 5497.0, 'Blue': 4007.5, 'White': 9443.62, 'Black': 9995.67}"
2025-03-25 11:01:17.453887,"{'Red': 2, 'Green': 1, 'Blue': 1, 'White': 4, 'Black': 3}","{'Red': 772.25, 'Green': 5721.5, 'Blue': 3833.0, 'White': 10294.75, 'Black': 10198.5}"
2025-03-25 11:01:17.469140,"{'Red': 2, 'Green': 1, 'Blue': 1, 'White': 4, 'Black': 3}","{'Red': 772.25, 'Green': 5721.5, 'Blue': 3833.0, 'White': 10294.75, 'Black': 10198.5}"
2025-03-25 11:01:17.485292,"{'Red': 2, 'Green': 1, 'Blue': 1, 'White': 4, 'Black': 3}","{'Red': 772.25, 'Green': 5721.5, 'Blue': 3833.0, 'White': 10294.75, 'Black': 10198.5}"
2025-03-25 11:01:17.500276,"{'Red': 2, 'Green': 1, 'Blue': 1, 'White': 4, 'Black': 3}","{'Red': 714.25, 'Green': 5960.5, 'Blue': 3309.0, 'White': 10393.75, 'Black': 10776.0}"
2025-03-25 11:01:17.515950,"{'Red': 2, 'Green': 1, 'Blue': 1, 'White': 4, 'Black': 3}","{'Red': 714.25, 'Green': 5960.5, 'Blue': 3309.0, 'White': 10393.75, 'Black': 10776.0}"
2025-03-25 11:01:17.531013,"{'Red': 2, 'Green': 1, 'Blue': 1, 'White': 4, 'Black': 3}","{'Red': 714.25, 'Green': 5960.5, 'Blue': 3309.0, 'White': 10393.75, 'Black': 10776.0}"
2025-03-25 11:01:17.547185,"{'Red': 3, 'Green': 1, 'Blue': 1, 'White': 4, 'Black': 3}","{'Red': 710.83, 'Green': 6175.5, 'Blue': 3303.0, 'White': 10445.0, 'Black': 11524.5}"
2025-03-25 11:01:17.561167,"{'Red': 3, 'Green': 1, 'Blue': 1, 'White': 4, 'Black': 3}","{'Red': 710.83, 'Green': 6175.5, 'Blue': 3303.0, 'White': 10445.0, 'Black': 11524.5}"
2025-03-25 11:01:17.577475,"{'Red': 3, 'Green': 1, 'Blue': 1, 'White': 4, 'Black': 3}","{'Red': 710.83, 'Green': 6175.5, 'Blue': 3303.0, 'White': 10445.0, 'Black': 11524.5}"
2025-03-25 11:01:17.593477,"{'Red': 3, 'Green': 1, 'Blue': 1, 'White': 4, 'Black': 3}","{'Red': 894.5, 'Green': 6072.5, 'Blue': 3189.5, 'White': 10504.5, 'Black': 11591.5}"
2025-03-25 11:01:17.608960,"{'Red': 3, 'Green': 1, 'Blue': 1, 'White': 4, 'Black': 3}","{'Red': 894.5, 'Green': 6072.5, 'Blue': 3189.5, 'White': 10504.5, 'Black': 11591.5}"
2025-03-25 11:01:17.624773,"{'Red': 3, 'Green': 1, 'Blue': 1, 'White': 4, 'Black': 3}","{'Red': 894.5, 'Green': 6072.5, 'Blue': 3189.5, 'White': 10504.5, 'Black': 11591.5}"
2025-03-25 11:01:17.639654,"{'Red': 3, 'Green': 1, 'Blue': 1, 'White': 4, 'Black': 3}","{'Red': 894.5, 'Green': 6072.5, 'Blue': 3189.5, 'White': 10504.5, 'Black': 11591.5}"
2025-03-25 11:01:17.653411,"{'Red': 2, 'Green': 1, 'Blue': 1, 'White': 4, 'Black': 3}","{'Red': 1227.0, 'Green': 6200.0, 'Blue': 2042.5, 'White': 10754.75, 'Black': 11742.0}"
2025-03-25 11:01:17.668761,"{'Red': 2, 'Green': 1, 'Blue': 1, 'White': 4, 'Black': 3}","{'Red': 1227.0, 'Green': 6200.0, 'Blue': 2042.5, 'White': 10754.75, 'Black': 11742.0}"
2025-03-25 11:01:17.685212,"{'Red': 2, 'Green': 1, 'Blue': 1, 'White': 4, 'Black': 3}","{'Red': 1227.0, 'Green': 6200.0, 'Blue': 2042.5, 'White': 10754.75, 'Black': 11742.0}"
2025-03-25 11:01:17.696182,"{'Red': 3, 'Green': 1, 'Blue': 1, 'White': 4, 'Black': 3}","{'Red': 1025.0, 'Green': 6522.5, 'Blue': 1876.5, 'White': 10855.75, 'Black': 11888.17}"
2025-03-25 11:01:17.715238,"{'Red': 3, 'Green': 1, 'Blue': 1, 'White': 4, 'Black': 3}","{'Red': 1025.0, 'Green': 6522.5, 'Blue': 1876.5, 'White': 10855.75, 'Black': 11888.17}"
2025-03-25 11:01:17.731371,"{'Red': 3, 'Green': 1, 'Blue': 1, 'White': 4, 'Black': 3}","{'Red': 1025.0, 'Green': 6522.5, 'Blue': 1876.5, 'White': 10855.75, 'Black': 11888.17}"
2025-03-25 11:01:17.746042,"{'Red': 3, 'Green': 2, 'Blue': 1, 'White': 4, 'Black': 3}","{'Red': 1079.67, 'Green': 4127.25, 'Blue': 2184.5, 'White': 11001.38, 'Black': 12068.5}"
2025-03-25 11:01:17.761983,"{'Red': 3, 'Green': 2, 'Blue': 1, 'White': 4, 'Black': 3}","{'Red': 1079.67, 'Green': 4127.25, 'Blue': 2184.5, 'White': 11001.38, 'Black': 12068.5}"
2025-03-25 11:01:17.776742,"{'Red': 3, 'Green': 2, 'Blue': 1, 'White': 4, 'Black': 3}","{'Red': 1079.67, 'Green': 4127.25, 'Blue': 2184.5, 'White': 11001.38, 'Black': 12068.5}"
2025-03-25 11:01:17.792134,"{'Red': 2, 'Green': 2, 'Blue': 1, 'White': 4, 'Black': 3}","{'Red': 1048.0, 'Green': 4517.0, 'Blue': 1458.5, 'White': 11102.38, 'Black': 11966.0}"
2025-03-25 11:01:17.808118,"{'Red': 2, 'Green': 2, 'Blue': 1, 'White': 4, 'Black': 3}","{'Red': 1048.0, 'Green': 4517.0, 'Blue': 1458.5, 'White': 11102.38, 'Black': 11966.0}"
2025-03-25 11:01:17.823886,"{'Red': 2, 'Green': 2, 'Blue': 1, 'White': 4, 'Black': 3}","{'Red': 1048.0, 'Green': 4517.0, 'Blue': 1458.5, 'White': 11102.38, 'Black': 11966.0}"
2025-03-25 11:01:17.839662,"{'Red': 1, 'Green': 3, 'Blue': 1, 'White': 4, 'Black': 2}","{'Red': 1304.0, 'Green': 2987.83, 'Blue': 1166.0, 'White': 11323.75, 'Black': 17730.5}"
2025-03-25 11:01:17.854649,"{'Red': 1, 'Green': 3, 'Blue': 1, 'White': 4, 'Black': 2}","{'Red': 1304.0, 'Green': 2987.83, 'Blue': 1166.0, 'White': 11323.75, 'Black': 17730.5}"
2025-03-25 11:01:17.870141,"{'Red': 1, 'Green': 3, 'Blue': 1, 'White': 4, 'Black': 2}","{'Red': 1304.0, 'Green': 2987.83, 'Blue': 1166.0, 'White': 11323.75, 'Black': 17730.5}"
2025-03-25 11:01:17.886008,"{'Red': 1, 'Green': 3, 'Blue': 2, 'White': 4, 'Black': 2}","{'Red': 1443.0, 'Green': 2958.67, 'Blue': 869.5, 'White': 11398.5, 'Black': 17793.25}"
2025-03-25 11:01:17.901318,"{'Red': 1, 'Green': 3, 'Blue': 2, 'White': 4, 'Black': 2}","{'Red': 1443.0, 'Green': 2958.67, 'Blue': 869.5, 'White': 11398.5, 'Black': 17793.25}"
2025-03-25 11:01:17.915789,"{'Red': 1, 'Green': 3, 'Blue': 2, 'White': 4, 'Black': 2}","{'Red': 1443.0, 'Green': 2958.67, 'Blue': 869.5, 'White': 11398.5, 'Black': 17793.25}"
2025-03-25 11:01:17.932638,"{'Red': 1, 'Green': 3, 'Blue': 2, 'White': 4, 'Black': 2}","{'Red': 1443.0, 'Green': 2958.67, 'Blue': 869.5, 'White': 11398.5, 'Black': 17793.25}"
2025-03-25 11:01:17.947314,"{'Red': 1, 'Green': 2, 'Blue': 2, 'White': 3, 'Black': 3}","{'Red': 1497.5, 'Green': 4478.0, 'Blue': 913.25, 'White': 15398.33, 'Black': 11777.83}"
2025-03-25 11:01:17.961605,"{'Red': 1, 'Green': 2, 'Blue': 2, 'White': 3, 'Black': 3}","{'Red': 1497.5, 'Green': 4478.0, 'Blue': 913.25, 'White': 15398.33, 'Black': 11777.83}"
2025-03-25 11:01:17.977902,"{'Red': 1, 'Green': 2, 'Blue': 2, 'White': 3, 'Black': 3}","{'Red': 1497.5, 'Green': 4478.0, 'Blue': 913.25, 'White': 15398.33, 'Black': 11777.83}"
2025-03-25 11:01:17.994613,"{'Red': 2, 'Green': 2, 'Blue': 1, 'White': 3, 'Black': 2}","{'Red': 933.25, 'Green': 4733.5, 'Blue': 1079.5, 'White': 14876.17, 'Black': 17857.5}"
2025-03-25 11:01:18.010323,"{'Red': 2, 'Green': 2, 'Blue': 1, 'White': 3, 'Black': 2}","{'Red': 933.25, 'Green': 4733.5, 'Blue': 1079.5, 'White': 14876.17, 'Black': 17857.5}"
2025-03-25 11:01:18.026117,"{'Red': 2, 'Green': 2, 'Blue': 1, 'White': 3, 'Black': 2}","{'Red': 933.25, 'Green': 4733.5, 'Blue': 1079.5, 'White': 14876.17, 'Black': 17857.5}"
2025-03-25 11:01:18.041688,"{'Red': 2, 'Green': 2, 'Blue': 1, 'White': 3, 'Black': 2}","{'Red': 933.25, 'Green': 4733.5, 'Blue': 1079.5, 'White': 14876.17, 'Black': 17857.5}"
2025-03-25 11:01:18.061289,"{'Red': 2, 'Green': 2, 'Blue': 1, 'White': 3, 'Black': 2}","{'Red': 933.25, 'Green': 4733.5, 'Blue': 1079.5, 'White': 14876.17, 'Black': 17857.5}"
2025-03-25 11:01:18.086408,"{'Red': 2, 'Green': 1, 'Blue': 1, 'White': 3, 'Black': 2}","{'Red': 1239.75, 'Green': 10104.5, 'Blue': 1047.5, 'White': 13502.5, 'Black': 18030.0}"
2025-03-25 11:01:18.101964,"{'Red': 2, 'Green': 1, 'Blue': 2, 'White': 2, 'Black': 2}","{'Red': 1412.5, 'Green': 9877.5, 'Blue': 1311.75, 'White': 16472.25, 'Black': 19975.0}"
2025-03-25 11:01:18.117953,"{'Red': 2, 'Green': 1, 'Blue': 2, 'White': 2, 'Black': 2}","{'Red': 1412.5, 'Green': 9877.5, 'Blue': 1311.75, 'White': 16472.25, 'Black': 19975.0}"
2025-03-25 11:01:18.134869,"{'Red': 2, 'Green': 2, 'Blue': 2, 'White': 3, 'Black': 3}","{'Red': 2617.25, 'Green': 3951.0, 'Blue': 1562.75, 'White': 10018.0, 'Black': 14071.0}"
2025-03-25 11:01:18.149630,"{'Red': 2, 'Green': 2, 'Blue': 2, 'White': 3, 'Black': 3}","{'Red': 2617.25, 'Green': 3951.0, 'Blue': 1562.75, 'White': 10018.0, 'Black': 14071.0}"
2025-03-25 11:01:18.165498,"{'Red': 2, 'Green': 2, 'Blue': 2, 'White': 3, 'Black': 3}","{'Red': 2617.25, 'Green': 3951.0, 'Blue': 1562.75, 'White': 10018.0, 'Black': 14071.0}"
2025-03-25 11:01:18.181211,"{'Red': 2, 'Green': 2, 'Blue': 2, 'White': 3, 'Black': 3}","{'Red': 2617.25, 'Green': 3951.0, 'Blue': 1562.75, 'White': 10018.0, 'Black': 14071.0}"
2025-03-25 11:01:18.197122,"{'Red': 3, 'Green': 1, 'Blue': 3, 'White': 2, 'Black': 4}","{'Red': 844.67, 'Green': 5956.0, 'Blue': 2652.33, 'White': 12322.25, 'Black': 11179.88}"
2025-03-25 11:01:18.212104,"{'Red': 3, 'Green': 1, 'Blue': 3, 'White': 2, 'Black': 4}","{'Red': 844.67, 'Green': 5956.0, 'Blue': 2652.33, 'White': 12322.25, 'Black': 11179.88}"
2025-03-25 11:01:18.227775,"{'Red': 3, 'Green': 1, 'Blue': 3, 'White': 2, 'Black': 4}","{'Red': 844.67, 'Green': 5956.0, 'Blue': 2652.33, 'White': 12322.25, 'Black': 11179.88}"
2025-03-25 11:01:18.243121,"{'Red': 2, 'Green': 1, 'Blue': 5, 'White': 2, 'Black': 4}","{'Red': 1415.0, 'Green': 2289.0, 'Blue': 3936.8, 'White': 11139.0, 'Black': 12027.25}"
2025-03-25 11:01:18.259103,"{'Red': 2, 'Green': 1, 'Blue': 5, 'White': 2, 'Black': 4}","{'Red': 1415.0, 'Green': 2289.0, 'Blue': 3936.8, 'White': 11139.0, 'Black': 12027.25}"
2025-03-25 11:01:18.275339,"{'Red': 2, 'Green': 1, 'Blue': 5, 'White': 2, 'Black': 4}","{'Red': 1415.0, 'Green': 2289.0, 'Blue': 3936.8, 'White': 11139.0, 'Black': 12027.25}"
2025-03-25 11:01:18.289329,"{'Red': 1, 'Green': 3, 'Blue': 4, 'White': 2, 'Black': 4}","{'Red': 5509.5, 'Green': 958.83, 'Blue': 7668.0, 'White': 10821.75, 'Black': 11809.88}"
2025-03-25 11:01:18.305067,"{'Red': 1, 'Green': 3, 'Blue': 4, 'White': 2, 'Black': 4}","{'Red': 5509.5, 'Green': 958.83, 'Blue': 7668.0, 'White': 10821.75, 'Black': 11809.88}"
2025-03-25 11:01:18.321026,"{'Red': 1, 'Green': 3, 'Blue': 4, 'White': 2, 'Black': 4}","{'Red': 5509.5, 'Green': 958.83, 'Blue': 7668.0, 'White': 10821.75, 'Black': 11809.88}"
2025-03-25 11:01:18.336431,"{'Red': 2, 'Green': 1, 'Blue': 5, 'White': 2, 'Black': 4}","{'Red': 2909.5, 'Green': 1730.0, 'Blue': 6000.0, 'White': 10730.25, 'Black': 11875.0}"
2025-03-25 11:01:18.348400,"{'Red': 2, 'Green': 1, 'Blue': 5, 'White': 2, 'Black': 4}","{'Red': 2909.5, 'Green': 1730.0, 'Blue': 6000.0, 'White': 10730.25, 'Black': 11875.0}"
2025-03-25 11:01:18.367816,"{'Red': 2, 'Green': 1, 'Blue': 5, 'White': 2, 'Black': 4}","{'Red': 2909.5, 'Green': 1730.0, 'Blue': 6000.0, 'White': 10730.25, 'Black': 11875.0}"
2025-03-25 11:01:18.383629,"{'Red': 2, 'Green': 1, 'Blue': 5, 'White': 2, 'Black': 4}","{'Red': 2909.5, 'Green': 1730.0, 'Blue': 6000.0, 'White': 10730.25, 'Black': 11875.0}"
2025-03-25 11:01:18.398396,"{'Red': 1, 'Green': 1, 'Blue': 5, 'White': 2, 'Black': 4}","{'Red': 5728.5, 'Green': 1329.0, 'Blue': 5751.2, 'White': 11392.75, 'Black': 11247.38}"
2025-03-25 11:01:18.414370,"{'Red': 1, 'Green': 1, 'Blue': 5, 'White': 2, 'Black': 4}","{'Red': 5728.5, 'Green': 1329.0, 'Blue': 5751.2, 'White': 11392.75, 'Black': 11247.38}"
2025-03-25 11:01:18.429275,"{'Red': 1, 'Green': 1, 'Blue': 5, 'White': 2, 'Black': 4}","{'Red': 5728.5, 'Green': 1329.0, 'Blue': 5751.2, 'White': 11392.75, 'Black': 11247.38}"
2025-03-25 11:01:18.444354,"{'Red': 1, 'Green': 1, 'Blue': 6, 'White': 2, 'Black': 4}","{'Red': 4496.0, 'Green': 770.5, 'Blue': 4898.42, 'White': 12663.75, 'Black': 10090.62}"
2025-03-25 11:01:18.460336,"{'Red': 1, 'Green': 1, 'Blue': 6, 'White': 2, 'Black': 4}","{'Red': 4496.0, 'Green': 770.5, 'Blue': 4898.42, 'White': 12663.75, 'Black': 10090.62}"
2025-03-25 11:01:18.476318,"{'Red': 1, 'Green': 1, 'Blue': 6, 'White': 2, 'Black': 4}","{'Red': 4496.0, 'Green': 770.5, 'Blue': 4898.42, 'White': 12663.75, 'Black': 10090.62}"
2025-03-25 11:01:18.492143,"{'Red': 1, 'Blue': 6, 'White': 2, 'Black': 5}","{'Red': 3302.0, 'Blue': 4740.0, 'White': 15454.5, 'Black': 6741.8}"
2025-03-25 11:01:18.508125,"{'Red': 1, 'Blue': 6, 'White': 2, 'Black': 5}","{'Red': 3302.0, 'Blue': 4740.0, 'White': 15454.5, 'Black': 6741.8}"
2025-03-25 11:01:18.524999,"{'Red': 1, 'Blue': 6, 'White': 2, 'Black': 5}","{'Red': 3302.0, 'Blue': 4740.0, 'White': 15454.5, 'Black': 6741.8}"
2025-03-25 11:01:18.538613,"{'Red': 2, 'Blue': 4, 'White': 1, 'Black': 2}","{'Red': 835.0, 'Blue': 7136.25, 'White': 40186.5, 'Black': 10052.75}"
2025-03-25 11:01:18.554603,"{'Red': 2, 'Blue': 4, 'White': 1, 'Black': 2}","{'Red': 835.0, 'Blue': 7136.25, 'White': 40186.5, 'Black': 10052.75}"
2025-03-25 11:01:18.570589,"{'Red': 2, 'Blue': 4, 'White': 1, 'Black': 2}","{'Red': 835.0, 'Blue': 7136.25, 'White': 40186.5, 'Black': 10052.75}"
2025-03-25 11:01:18.585573,"{'Blue': 4, 'White': 1, 'Black': 1}","{'Blue': 7007.5, 'White': 55991.5, 'Black': 9567.5}"
2025-03-25 11:01:18.600770,"{'Blue': 4, 'White': 1, 'Black': 1}","{'Blue': 7007.5, 'White': 55991.5, 'Black': 9567.5}"
2025-03-25 11:01:18.615485,"{'Blue': 4, 'White': 1, 'Black': 1}","{'Blue': 7007.5, 'White': 55991.5, 'Black': 9567.5}"
2025-03-25 11:01:18.631216,"{'Blue': 3, 'White': 1}","{'Blue': 9264.5, 'White': 73301.5}"
2025-03-25 11:01:18.646585,"{'Blue': 3, 'White': 1}","{'Blue': 9264.5, 'White': 73301.5}"
2025-03-25 11:01:18.661453,"{'Blue': 3, 'White': 1}","{'Blue': 9264.5, 'White': 73301.5}"
2025-03-25 11:01:18.677948,"{'Blue': 3, 'White': 1}","{'Blue': 9264.5, 'White': 73301.5}"
2025-03-25 11:01:18.692978,"{'Green': 1, 'Blue': 2, 'White': 1}","{'Green': 2632.0, 'Blue': 16173.0, 'White': 69777.0}"
2025-03-25 11:01:18.708134,"{'Green': 1, 'Blue': 2, 'White': 1}","{'Green': 2632.0, 'Blue': 16173.0, 'White': 69777.0}"
2025-03-25 11:01:18.723320,"{'Green': 1, 'Blue': 2, 'White': 1}","{'Green': 2632.0, 'Blue': 16173.0, 'White': 69777.0}"
2025-03-25 11:01:18.740145,"{'Green': 1, 'Blue': 4, 'White': 2, 'Black': 1}","{'Green': 5312.5, 'Blue': 7910.62, 'White': 35412.5, 'Black': 676.0}"
2025-03-25 11:01:18.755980,"{'Green': 1, 'Blue': 4, 'White': 2, 'Black': 1}","{'Green': 5312.5, 'Blue': 7910.62, 'White': 35412.5, 'Black': 676.0}"
2025-03-25 11:01:18.771922,"{'Green': 1, 'Blue': 4, 'White': 2, 'Black': 1}","{'Green': 5312.5, 'Blue': 7910.62, 'White': 35412.5, 'Black': 676.0}"
2025-03-25 11:01:18.787879,"{'Green': 1, 'Blue': 4, 'White': 4, 'Black': 2}","{'Green': 5214.0, 'Blue': 6871.0, 'White': 18395.25, 'Black': 931.75}"
2025-03-25 11:01:18.802861,"{'Green': 1, 'Blue': 4, 'White': 4, 'Black': 2}","{'Green': 5214.0, 'Blue': 6871.0, 'White': 18395.25, 'Black': 931.75}"
2025-03-25 11:01:18.817837,"{'Green': 1, 'Blue': 4, 'White': 4, 'Black': 2}","{'Green': 5214.0, 'Blue': 6871.0, 'White': 18395.25, 'Black': 931.75}"
2025-03-25 11:01:18.832797,"{'Green': 1, 'Blue': 3, 'White': 3, 'Black': 3}","{'Green': 5464.0, 'Blue': 9789.83, 'White': 3856.0, 'Black': 4466.67}"
2025-03-25 11:01:18.847993,"{'Green': 1, 'Blue': 3, 'White': 3, 'Black': 3}","{'Green': 5464.0, 'Blue': 9789.83, 'White': 3856.0, 'Black': 4466.67}"
2025-03-25 11:01:18.863361,"{'Green': 1, 'Blue': 3, 'White': 3, 'Black': 3}","{'Green': 5464.0, 'Blue': 9789.83, 'White': 3856.0, 'Black': 4466.67}"
2025-03-25 11:01:18.879588,"{'Green': 1, 'Blue': 3, 'White': 3, 'Black': 3}","{'Green': 5464.0, 'Blue': 9789.83, 'White': 3856.0, 'Black': 4466.67}"
2025-03-25 11:01:18.894197,"{'Red': 2, 'Green': 1, 'Blue': 3, 'Black': 1}","{'Red': 992.25, 'Green': 5435.5, 'Blue': 6385.5, 'Black': 31584.5}"
2025-03-25 11:01:18.910207,"{'Red': 2, 'Green': 1, 'Blue': 3, 'Black': 1}","{'Red': 992.25, 'Green': 5435.5, 'Blue': 6385.5, 'Black': 31584.5}"
2025-03-25 11:01:18.926219,"{'Red': 2, 'Green': 1, 'Blue': 3, 'Black': 1}","{'Red': 992.25, 'Green': 5435.5, 'Blue': 6385.5, 'Black': 31584.5}"
2025-03-25 11:01:18.941658,"{'Red': 3, 'Green': 2, 'Blue': 3, 'Black': 2}","{'Red': 2596.83, 'Green': 1861.0, 'Blue': 7591.0, 'Black': 22517.5}"
2025-03-25 11:01:18.956846,"{'Red': 3, 'Green': 2, 'Blue': 3, 'Black': 2}","{'Red': 2596.83, 'Green': 1861.0, 'Blue': 7591.0, 'Black': 22517.5}"
2025-03-25 11:01:18.972207,"{'Red': 3, 'Green': 2, 'Blue': 3, 'Black': 2}","{'Red': 2596.83, 'Green': 1861.0, 'Blue': 7591.0, 'Black': 22517.5}"
2025-03-25 11:01:18.987870,"{'Red': 3, 'Green': 1, 'Blue': 4, 'Black': 2}","{'Red': 3879.33, 'Green': 5184.5, 'Blue': 5117.88, 'Black': 23931.0}"
2025-03-25 11:01:19.003850,"{'Red': 3, 'Green': 1, 'Blue': 4, 'Black': 2}","{'Red': 3879.33, 'Green': 5184.5, 'Blue': 5117.88, 'Black': 23931.0}"
2025-03-25 11:01:19.019808,"{'Red': 3, 'Green': 1, 'Blue': 4, 'Black': 2}","{'Red': 3879.33, 'Green': 5184.5, 'Blue': 5117.88, 'Black': 23931.0}"
2025-03-25 11:01:19.033770,"{'Red': 3, 'Green': 1, 'Blue': 4, 'Black': 2}","{'Red': 3879.33, 'Green': 5184.5, 'Blue': 5117.88, 'Black': 23931.0}"
2025-03-25 11:01:19.048730,"{'Red': 2, 'Green': 1, 'Blue': 4, 'Black': 2}","{'Red': 5446.25, 'Green': 3286.5, 'Blue': 5626.0, 'Black': 23708.5}"
2025-03-25 11:01:19.065685,"{'Red': 2, 'Green': 1, 'Blue': 4, 'Black': 2}","{'Red': 5446.25, 'Green': 3286.5, 'Blue': 5626.0, 'Black': 23708.5}"
2025-03-25 11:01:19.080646,"{'Red': 3, 'Green': 1, 'Blue': 4, 'Black': 2}","{'Red': 2633.17, 'Green': 531.0, 'Blue': 6425.12, 'Black': 31418.0}"
2025-03-25 11:01:19.096634,"{'Red': 3, 'Green': 1, 'Blue': 4, 'Black': 2}","{'Red': 2633.17, 'Green': 531.0, 'Blue': 6425.12, 'Black': 31418.0}"
2025-03-25 11:01:19.110624,"{'Red': 3, 'Green': 1, 'Blue': 4, 'Black': 2}","{'Red': 2633.17, 'Green': 531.0, 'Blue': 6425.12, 'Black': 31418.0}"
2025-03-25 11:01:19.126787,"{'Red': 3, 'Green': 1, 'Blue': 4, 'Black': 2}","{'Red': 2633.17, 'Green': 531.0, 'Blue': 6425.12, 'Black': 31418.0}"
2025-03-25 11:01:19.142385,"{'Red': 1, 'Green': 2, 'Blue': 5, 'Black': 3}","{'Red': 3422.5, 'Green': 5009.0, 'Blue': 4472.9, 'Black': 28802.33}"
2025-03-25 11:01:19.157597,"{'Red': 1, 'Green': 2, 'Blue': 5, 'Black': 3}","{'Red': 3422.5, 'Green': 5009.0, 'Blue': 4472.9, 'Black': 28802.33}"
2025-03-25 11:01:19.173448,"{'Red': 1, 'Green': 2, 'Blue': 5, 'Black': 3}","{'Red': 3422.5, 'Green': 5009.0, 'Blue': 4472.9, 'Black': 28802.33}"
2025-03-25 11:01:19.188571,"{'Red': 1, 'Green': 3, 'Blue': 4, 'White': 1, 'Black': 3}","{'Red': 972.0, 'Green': 3064.33, 'Blue': 3095.0, 'White': 993.0, 'Black': 31111.33}"
2025-03-25 11:01:19.203346,"{'Red': 1, 'Green': 3, 'Blue': 4, 'White': 1, 'Black': 3}","{'Red': 972.0, 'Green': 3064.33, 'Blue': 3095.0, 'White': 993.0, 'Black': 31111.33}"
2025-03-25 11:01:19.218834,"{'Red': 1, 'Green': 3, 'Blue': 4, 'White': 1, 'Black': 3}","{'Red': 972.0, 'Green': 3064.33, 'Blue': 3095.0, 'White': 993.0, 'Black': 31111.33}"
2025-03-25 11:01:19.234574,"{'Red': 1, 'Green': 3, 'Blue': 4, 'White': 1, 'Black': 3}","{'Red': 972.0, 'Green': 3064.33, 'Blue': 3095.0, 'White': 993.0, 'Black': 31111.33}"
2025-03-25 11:01:19.249440,"{'Blue': 4, 'White': 1, 'Black': 5}","{'Blue': 9276.62, 'White': 528.0, 'Black': 16680.4}"
2025-03-25 11:01:19.265197,"{'Blue': 4, 'White': 1, 'Black': 5}","{'Blue': 9276.62, 'White': 528.0, 'Black': 16680.4}"
2025-03-25 11:01:19.280376,"{'Blue': 4, 'White': 1, 'Black': 5}","{'Blue': 9276.62, 'White': 528.0, 'Black': 16680.4}"
2025-03-25 11:01:19.295360,"{'Green': 1, 'Blue': 1, 'Black': 5}","{'Green': 611.0, 'Blue': 84279.0, 'Black': 14268.0}"
2025-03-25 11:01:19.311210,"{'Green': 1, 'Blue': 1, 'Black': 5}","{'Green': 611.0, 'Blue': 84279.0, 'Black': 14268.0}"
2025-03-25 11:01:19.326833,"{'Green': 1, 'Blue': 1, 'Black': 5}","{'Green': 611.0, 'Blue': 84279.0, 'Black': 14268.0}"
2025-03-25 11:01:19.342265,"{'Blue': 1, 'Black': 6}","{'Blue': 110579.5, 'Black': 10683.5}"
2025-03-25 11:01:19.357794,"{'Blue': 1, 'Black': 6}","{'Blue': 110579.5, 'Black': 10683.5}"
2025-03-25 11:01:19.372781,"{'Blue': 1, 'Black': 6}","{'Blue': 110579.5, 'Black': 10683.5}"
2025-03-25 11:01:19.387241,"{'Blue': 2, 'Black': 3}","{'Blue': 62410.5, 'Black': 16138.5}"
2025-03-25 11:01:19.402689,"{'Blue': 2, 'Black': 3}","{'Blue': 62410.5, 'Black': 16138.5}"
2025-03-25 11:01:19.418372,"{'Blue': 2, 'Black': 3}","{'Blue': 62410.5, 'Black': 16138.5}"
2025-03-25 11:01:19.434060,"{'Blue': 2, 'Black': 3}","{'Blue': 62410.5, 'Black': 16138.5}"
2025-03-25 11:01:19.449371,"{'Blue': 2, 'Black': 1}","{'Blue': 63831.5, 'Black': 42169.0}"
2025-03-25 11:01:19.464360,"{'Blue': 2, 'Black': 1}","{'Blue': 63831.5, 'Black': 42169.0}"
2025-03-25 11:01:19.480348,"{'Blue': 2, 'Black': 1}","{'Blue': 63831.5, 'Black': 42169.0}"
2025-03-25 11:01:19.495336,"{'Blue': 3, 'White': 2, 'Black': 1}","{'Blue': 41305.33, 'White': 693.5, 'Black': 33918.5}"
2025-03-25 11:01:19.511323,"{'Blue': 3, 'White': 2, 'Black': 1}","{'Blue': 41305.33, 'White': 693.5, 'Black': 33918.5}"
2025-03-25 11:01:19.526905,"{'Blue': 3, 'White': 2, 'Black': 1}","{'Blue': 41305.33, 'White': 693.5, 'Black': 33918.5}"
2025-03-25 11:01:19.542321,"{'Blue': 3, 'White': 2, 'Black': 1}","{'Blue': 41305.33, 'White': 693.5, 'Black': 33918.5}"
2025-03-25 11:01:19.556316,"{'Blue': 3, 'White': 1, 'Black': 2}","{'Blue': 42631.0, 'White': 2123.0, 'Black': 10535.25}"
2025-03-25 11:01:19.571899,"{'Blue': 3, 'White': 1, 'Black': 2}","{'Blue': 42631.0, 'White': 2123.0, 'Black': 10535.25}"
2025-03-25 11:01:19.588608,"{'Blue': 3, 'White': 1, 'Black': 2}","{'Blue': 42631.0, 'White': 2123.0, 'Black': 10535.25}"
2025-03-25 11:01:19.604589,"{'Green': 1, 'Blue': 5, 'White': 1, 'Black': 3}","{'Green': 831.5, 'Blue': 26439.0, 'White': 621.5, 'Black': 6132.33}"
2025-03-25 11:01:19.619870,"{'Green': 1, 'Blue': 5, 'White': 1, 'Black': 3}","{'Green': 831.5, 'Blue': 26439.0, 'White': 621.5, 'Black': 6132.33}"
2025-03-25 11:01:19.635571,"{'Green': 1, 'Blue': 5, 'White': 1, 'Black': 3}","{'Green': 831.5, 'Blue': 26439.0, 'White': 621.5, 'Black': 6132.33}"
2025-03-25 11:01:19.651080,"{'Blue': 3, 'White': 3, 'Black': 3}","{'Blue': 41535.83, 'White': 2504.0, 'Black': 7303.83}"
2025-03-25 11:01:19.666069,"{'Blue': 3, 'White': 3, 'Black': 3}","{'Blue': 41535.83, 'White': 2504.0, 'Black': 7303.83}"
2025-03-25 11:01:19.682045,"{'Blue': 3, 'White': 3, 'Black': 3}","{'Blue': 41535.83, 'White': 2504.0, 'Black': 7303.83}"
2025-03-25 11:01:19.697406,"{'Blue': 3, 'White': 3, 'Black': 3}","{'Blue': 41535.83, 'White': 2504.0, 'Black': 7303.83}"
2025-03-25 11:01:19.713393,"{'Green': 1, 'Blue': 4, 'White': 2, 'Black': 2}","{'Green': 674.0, 'Blue': 30442.62, 'White': 2357.5, 'Black': 18725.0}"
2025-03-25 11:01:19.729138,"{'Green': 1, 'Blue': 4, 'White': 2, 'Black': 2}","{'Green': 674.0, 'Blue': 30442.62, 'White': 2357.5, 'Black': 18725.0}"
2025-03-25 11:01:19.744262,"{'Green': 1, 'Blue': 4, 'White': 2, 'Black': 2}","{'Green': 674.0, 'Blue': 30442.62, 'White': 2357.5, 'Black': 18725.0}"
2025-03-25 11:01:19.760248,"{'Blue': 6, 'White': 2, 'Black': 2}","{'Blue': 19388.08, 'White': 2731.0, 'Black': 20100.0}"
2025-03-25 11:01:19.775098,"{'Blue': 6, 'White': 2, 'Black': 2}","{'Blue': 19388.08, 'White': 2731.0, 'Black': 20100.0}"
2025-03-25 11:01:19.791947,"{'Blue': 6, 'White': 2, 'Black': 2}","{'Blue': 19388.08, 'White': 2731.0, 'Black': 20100.0}"
2025-03-25 11:01:19.806398,"{'Blue': 5, 'White': 2, 'Black': 2}","{'Blue': 22769.5, 'White': 3473.5, 'Black': 21466.0}"
2025-03-25 11:01:19.821539,"{'Blue': 5, 'White': 2, 'Black': 2}","{'Blue': 22769.5, 'White': 3473.5, 'Black': 21466.0}"
2025-03-25 11:01:19.837118,"{'Blue': 5, 'White': 2, 'Black': 2}","{'Blue': 22769.5, 'White': 3473.5, 'Black': 21466.0}"
2025-03-25 11:01:19.853224,"{'Blue': 5, 'White': 2, 'Black': 2}","{'Blue': 22769.5, 'White': 3473.5, 'Black': 21466.0}"
2025-03-25 11:01:19.868432,"{'Blue': 3, 'White': 2, 'Black': 2}","{'Blue': 41219.33, 'White': 2165.0, 'Black': 24447.25}"
2025-03-25 11:01:19.882885,"{'Blue': 3, 'White': 2, 'Black': 2}","{'Blue': 41219.33, 'White': 2165.0, 'Black': 24447.25}"
2025-03-25 11:01:19.899462,"{'Blue': 4, 'White': 1, 'Black': 2}","{'Blue': 31424.25, 'White': 2622.5, 'Black': 27302.25}"
2025-03-25 11:01:19.915445,"{'Blue': 4, 'White': 1, 'Black': 2}","{'Blue': 31424.25, 'White': 2622.5, 'Black': 27302.25}"
2025-03-25 11:01:19.931436,"{'Blue': 4, 'White': 1, 'Black': 2}","{'Blue': 31424.25, 'White': 2622.5, 'Black': 27302.25}"
2025-03-25 11:01:19.947159,"{'Blue': 4, 'White': 1, 'Black': 2}","{'Blue': 31424.25, 'White': 2622.5, 'Black': 27302.25}"
2025-03-25 11:01:19.963536,"{'Blue': 4, 'White': 1, 'Black': 2}","{'Blue': 31424.25, 'White': 2622.5, 'Black': 27302.25}"
2025-03-25 11:01:19.977525,"{'Blue': 3, 'White': 1, 'Black': 3}","{'Blue': 41387.5, 'White': 511.0, 'Black': 20599.5}"
2025-03-25 11:01:19.992440,"{'Blue': 3, 'White': 1, 'Black': 3}","{'Blue': 41387.5, 'White': 511.0, 'Black': 20599.5}"
2025-03-25 11:01:20.008561,"{'Blue': 4, 'White': 1, 'Black': 3}","{'Blue': 29440.25, 'White': 1730.5, 'Black': 21377.17}"
2025-03-25 11:01:20.023516,"{'Blue': 4, 'White': 1, 'Black': 3}","{'Blue': 29440.25, 'White': 1730.5, 'Black': 21377.17}"
2025-03-25 11:01:20.038962,"{'Blue': 4, 'White': 1, 'Black': 3}","{'Blue': 29440.25, 'White': 1730.5, 'Black': 21377.17}"
2025-03-25 11:01:20.054313,"{'Blue': 4, 'White': 2, 'Black': 3}","{'Blue': 28979.62, 'White': 680.0, 'Black': 21659.5}"
2025-03-25 11:01:20.069940,"{'Blue': 4, 'White': 2, 'Black': 3}","{'Blue': 28979.62, 'White': 680.0, 'Black': 21659.5}"
2025-03-25 11:01:20.085774,"{'Blue': 4, 'White': 2, 'Black': 3}","{'Blue': 28979.62, 'White': 680.0, 'Black': 21659.5}"
2025-03-25 11:01:20.100964,"{'Blue': 4, 'White': 2, 'Black': 3}","{'Blue': 28979.62, 'White': 680.0, 'Black': 21659.5}"
2025-03-25 11:01:20.116080,"{'Blue': 4, 'White': 1, 'Black': 3}","{'Blue': 27332.0, 'White': 831.5, 'Black': 22039.83}"
2025-03-25 11:01:20.132003,"{'Blue': 4, 'White': 1, 'Black': 3}","{'Blue': 27332.0, 'White': 831.5, 'Black': 22039.83}"
2025-03-25 11:01:20.148011,"{'Blue': 4, 'White': 1, 'Black': 3}","{'Blue': 27332.0, 'White': 831.5, 'Black': 22039.83}"
2025-03-25 11:01:20.163491,"{'Blue': 4, 'White': 1, 'Black': 3}","{'Blue': 26559.25, 'White': 647.0, 'Black': 22249.83}"
2025-03-25 11:01:20.179373,"{'Blue': 4, 'White': 1, 'Black': 3}","{'Blue': 26559.25, 'White': 647.0, 'Black': 22249.83}"
2025-03-25 11:01:20.194529,"{'Blue': 4, 'White': 1, 'Black': 3}","{'Blue': 26559.25, 'White': 647.0, 'Black': 22249.83}"
2025-03-25 11:01:20.210454,"{'Blue': 4, 'Black': 3}","{'Blue': 25516.88, 'Black': 22794.0}"
2025-03-25 11:01:20.225691,"{'Blue': 4, 'Black': 3}","{'Blue': 25516.88, 'Black': 22794.0}"
2025-03-25 11:01:20.241616,"{'Blue': 4, 'Black': 3}","{'Blue': 25516.88, 'Black': 22794.0}"
2025-03-25 11:01:20.257221,"{'Blue': 4, 'Black': 3}","{'Blue': 24565.62, 'Black': 23327.67}"
2025-03-25 11:01:20.272572,"{'Blue': 4, 'Black': 3}","{'Blue': 24565.62, 'Black': 23327.67}"
2025-03-25 11:01:20.288212,"{'Blue': 4, 'Black': 3}","{'Blue': 24565.62, 'Black': 23327.67}"
2025-03-25 11:01:20.303216,"{'Blue': 4, 'Black': 3}","{'Blue': 24565.62, 'Black': 23327.67}"
2025-03-25 11:01:20.318670,"{'Blue': 4, 'Black': 3}","{'Blue': 23616.75, 'Black': 23822.5}"
2025-03-25 11:01:20.333692,"{'Blue': 4, 'Black': 3}","{'Blue': 23616.75, 'Black': 23822.5}"
2025-03-25 11:01:20.349194,"{'Blue': 4, 'Black': 3}","{'Blue': 23616.75, 'Black': 23822.5}"
2025-03-25 11:01:20.365178,"{'Blue': 4, 'Black': 3}","{'Blue': 23022.75, 'Black': 24121.83}"
2025-03-25 11:01:20.381164,"{'Blue': 4, 'Black': 3}","{'Blue': 23022.75, 'Black': 24121.83}"
2025-03-25 11:01:20.397241,"{'Blue': 3, 'Black': 3}","{'Blue': 28655.67, 'Black': 24888.83}"
2025-03-25 11:01:20.412846,"{'Blue': 3, 'Black': 3}","{'Blue': 28655.67, 'Black': 24888.83}"
2025-03-25 11:01:20.427978,"{'Blue': 3, 'Black': 3}","{'Blue': 28655.67, 'Black': 24888.83}"
2025-03-25 11:01:20.443102,"{'Blue': 3, 'Black': 3}","{'Blue': 28655.67, 'Black': 24888.83}"
2025-03-25 11:01:20.457808,"{'Blue': 4, 'Black': 3}","{'Blue': 19645.0, 'Black': 25504.33}"
2025-03-25 11:01:20.474762,"{'Blue': 4, 'Black': 3}","{'Blue': 19645.0, 'Black': 25504.33}"
2025-03-25 11:01:20.490725,"{'Blue': 4, 'Black': 3}","{'Blue': 19645.0, 'Black': 25504.33}"
2025-03-25 11:01:20.506449,"{'Blue': 4, 'Black': 3}","{'Blue': 18740.0, 'Black': 25694.67}"
2025-03-25 11:01:20.522109,"{'Blue': 4, 'Black': 3}","{'Blue': 18740.0, 'Black': 25694.67}"
2025-03-25 11:01:20.537368,"{'Blue': 4, 'Black': 3}","{'Blue': 18740.0, 'Black': 25694.67}"
2025-03-25 11:01:20.552563,"{'Blue': 4, 'Black': 3}","{'Blue': 19196.38, 'Black': 25529.5}"
2025-03-25 11:01:20.568041,"{'Blue': 4, 'Black': 3}","{'Blue': 19196.38, 'Black': 25529.5}"
2025-03-25 11:01:20.583252,"{'Blue': 4, 'Black': 3}","{'Blue': 19196.38, 'Black': 25529.5}"
2025-03-25 11:01:20.598559,"{'Blue': 4, 'Black': 3}","{'Blue': 19198.88, 'Black': 25563.5}"
2025-03-25 11:01:20.614455,"{'Blue': 4, 'Black': 3}","{'Blue': 19198.88, 'Black': 25563.5}"
2025-03-25 11:01:20.630356,"{'Blue': 4, 'Black': 3}","{'Blue': 19198.88, 'Black': 25563.5}"
2025-03-25 11:01:20.646336,"{'Blue': 4, 'Black': 3}","{'Blue': 19513.5, 'Black': 25372.83}"
2025-03-25 11:01:20.662376,"{'Blue': 4, 'Black': 3}","{'Blue': 19513.5, 'Black': 25372.83}"
2025-03-25 11:01:20.678133,"{'Blue': 4, 'Black': 3}","{'Blue': 19513.5, 'Black': 25372.83}"
2025-03-25 11:01:20.693965,"{'Blue': 4, 'Black': 3}","{'Blue': 19513.5, 'Black': 25372.83}"
2025-03-25 11:01:20.708955,"{'Blue': 4, 'Black': 3}","{'Blue': 19486.75, 'Black': 25387.17}"
2025-03-25 11:01:20.724942,"{'Blue': 4, 'Black': 3}","{'Blue': 19486.75, 'Black': 25387.17}"
2025-03-25 11:01:20.739924,"{'Blue': 4, 'Black': 3}","{'Blue': 19486.75, 'Black': 25387.17}"
2025-03-25 11:01:20.756005,"{'Blue': 4, 'Black': 3}","{'Blue': 19616.75, 'Black': 25296.67}"
2025-03-25 11:01:20.771625,"{'Blue': 4, 'Black': 3}","{'Blue': 19616.75, 'Black': 25296.67}"
2025-03-25 11:01:20.787456,"{'Blue': 4, 'Black': 3}","{'Blue': 19616.75, 'Black': 25296.67}"
2025-03-25 11:01:20.802168,"{'Blue': 4, 'Black': 3}","{'Blue': 20142.5, 'Black': 25038.83}"
2025-03-25 11:01:20.818630,"{'Blue': 4, 'Black': 3}","{'Blue': 20142.5, 'Black': 25038.83}"
2025-03-25 11:01:20.834403,"{'Blue': 4, 'Black': 3}","{'Blue': 20142.5, 'Black': 25038.83}"
2025-03-25 11:01:20.849375,"{'Blue': 5, 'Black': 3}","{'Blue': 16271.5, 'Black': 24457.33}"
2025-03-25 11:01:20.864511,"{'Blue': 5, 'Black': 3}","{'Blue': 16271.5, 'Black': 24457.33}"
2025-03-25 11:01:20.881527,"{'Blue': 5, 'Black': 3}","{'Blue': 16271.5, 'Black': 24457.33}"
2025-03-25 11:01:20.895489,"{'Blue': 4, 'Black': 4}","{'Blue': 20872.25, 'Black': 17753.88}"
2025-03-25 11:01:20.911336,"{'Blue': 4, 'Black': 4}","{'Blue': 20872.25, 'Black': 17753.88}"
2025-03-25 11:01:20.928283,"{'Blue': 4, 'Black': 4}","{'Blue': 20872.25, 'Black': 17753.88}"
2025-03-25 11:01:20.943302,"{'Blue': 5, 'Black': 4}","{'Blue': 16722.8, 'Black': 17147.88}"
2025-03-25 11:01:20.958655,"{'Blue': 5, 'Black': 4}","{'Blue': 16722.8, 'Black': 17147.88}"
2025-03-25 11:01:20.974312,"{'Blue': 5, 'Black': 4}","{'Blue': 16722.8, 'Black': 17147.88}"
2025-03-25 11:01:20.989272,"{'Red': 1, 'Blue': 4, 'Black': 4}","{'Red': 513.0, 'Blue': 19658.75, 'Black': 16758.25}"
2025-03-25 11:01:21.004233,"{'Red': 1, 'Blue': 4, 'Black': 4}","{'Red': 513.0, 'Blue': 19658.75, 'Black': 16758.25}"
2025-03-25 11:01:21.019192,"{'Red': 1, 'Blue': 4, 'Black': 4}","{'Red': 513.0, 'Blue': 19658.75, 'Black': 16758.25}"
2025-03-25 11:01:21.035150,"{'Blue': 5, 'Black': 4}","{'Blue': 16023.6, 'Black': 15946.38}"
2025-03-25 11:01:21.049113,"{'Blue': 5, 'Black': 4}","{'Blue': 16023.6, 'Black': 15946.38}"
2025-03-25 11:01:21.065070,"{'Blue': 5, 'Black': 4}","{'Blue': 16023.6, 'Black': 15946.38}"
2025-03-25 11:01:21.081277,"{'Blue': 5, 'Black': 4}","{'Blue': 16023.6, 'Black': 15946.38}"
2025-03-25 11:01:21.096264,"{'Red': 1, 'Blue': 4, 'White': 1, 'Black': 5}","{'Red': 600.5, 'Blue': 21952.5, 'White': 564.5, 'Black': 12096.3}"
2025-03-25 11:01:21.111253,"{'Red': 1, 'Blue': 4, 'White': 1, 'Black': 5}","{'Red': 600.5, 'Blue': 21952.5, 'White': 564.5, 'Black': 12096.3}"
2025-03-25 11:01:21.127244,"{'Red': 1, 'Blue': 4, 'White': 1, 'Black': 5}","{'Red': 600.5, 'Blue': 21952.5, 'White': 564.5, 'Black': 12096.3}"
2025-03-25 11:01:21.141234,"{'Red': 2, 'Blue': 3, 'Black': 8}","{'Red': 664.5, 'Blue': 29834.5, 'Black': 7742.38}"
2025-03-25 11:01:21.157790,"{'Red': 2, 'Blue': 3, 'Black': 8}","{'Red': 664.5, 'Blue': 29834.5, 'Black': 7742.38}"
2025-03-25 11:01:21.174583,"{'Red': 2, 'Blue': 3, 'Black': 8}","{'Red': 664.5, 'Blue': 29834.5, 'Black': 7742.38}"
2025-03-25 11:01:21.190514,"{'Red': 1, 'Blue': 3, 'Black': 9}","{'Red': 557.0, 'Blue': 30583.67, 'Black': 7140.11}"
2025-03-25 11:01:21.205125,"{'Red': 1, 'Blue': 3, 'Black': 9}","{'Red': 557.0, 'Blue': 30583.67, 'Black': 7140.11}"
2025-03-25 11:01:21.221830,"{'Red': 1, 'Blue': 3, 'Black': 9}","{'Red': 557.0, 'Blue': 30583.67, 'Black': 7140.11}"
2025-03-25 11:01:21.236791,"{'Red': 1, 'Blue': 2, 'Black': 9}","{'Red': 540.5, 'Blue': 49398.75, 'Black': 6968.67}"
2025-03-25 11:01:21.252365,"{'Red': 1, 'Blue': 2, 'Black': 9}","{'Red': 540.5, 'Blue': 49398.75, 'Black': 6968.67}"
2025-03-25 11:01:21.268458,"{'Red': 1, 'Blue': 2, 'Black': 9}","{'Red': 540.5, 'Blue': 49398.75, 'Black': 6968.67}"
2025-03-25 11:01:21.283638,"{'Red': 1, 'Blue': 2, 'Black': 9}","{'Red': 540.5, 'Blue': 49398.75, 'Black': 6968.67}"
2025-03-25 11:01:21.298349,"{'Blue': 2, 'Black': 3}","{'Blue': 53060.75, 'Black': 15927.0}"
2025-03-25 11:01:21.312815,"{'Blue': 2, 'Black': 3}","{'Blue': 53060.75, 'Black': 15927.0}"
2025-03-25 11:01:21.328804,"{'Blue': 2, 'Black': 3}","{'Blue': 53060.75, 'Black': 15927.0}"
2025-03-25 11:01:21.342969,"{'Blue': 3, 'Black': 3}","{'Blue': 37008.0, 'Black': 15778.33}"
2025-03-25 11:01:21.358492,"{'Blue': 3, 'Black': 3}","{'Blue': 37008.0, 'Black': 15778.33}"
2025-03-25 11:01:21.374155,"{'Blue': 3, 'Black': 3}","{'Blue': 37008.0, 'Black': 15778.33}"
2025-03-25 11:01:21.389894,"{'Blue': 2, 'Black': 3}","{'Blue': 58837.5, 'Black': 14939.67}"
2025-03-25 11:01:21.404608,"{'Blue': 2, 'Black': 3}","{'Blue': 58837.5, 'Black': 14939.67}"
2025-03-25 11:01:21.420316,"{'Blue': 2, 'Black': 3}","{'Blue': 58837.5, 'Black': 14939.67}"
2025-03-25 11:01:21.435208,"{'Blue': 2, 'Black': 3}","{'Blue': 58837.5, 'Black': 14939.67}"
2025-03-25 11:01:21.452049,"{'Blue': 2, 'Black': 2}","{'Blue': 60444.5, 'Black': 20746.5}"
2025-03-25 11:01:21.466697,"{'Blue': 2, 'Black': 2}","{'Blue': 60444.5, 'Black': 20746.5}"
2025-03-25 11:01:21.484512,"{'Blue': 2, 'Black': 2}","{'Blue': 60444.5, 'Black': 20746.5}"
2025-03-25 11:01:21.499307,"{'Blue': 2, 'Black': 4}","{'Blue': 62196.75, 'Black': 10692.0}"
2025-03-25 11:01:21.514798,"{'Blue': 2, 'Black': 4}","{'Blue': 62196.75, 'Black': 10692.0}"
2025-03-25 11:01:21.530755,"{'Blue': 2, 'Black': 4}","{'Blue': 62196.75, 'Black': 10692.0}"
2025-03-25 11:01:21.544746,"{'Blue': 2, 'Black': 4}","{'Blue': 62629.25, 'Black': 11018.62}"
2025-03-25 11:01:21.560734,"{'Blue': 2, 'Black': 4}","{'Blue': 62629.25, 'Black': 11018.62}"
2025-03-25 11:01:21.575724,"{'Blue': 2, 'Black': 4}","{'Blue': 62629.25, 'Black': 11018.62}"
2025-03-25 11:01:21.591951,"{'Blue': 2, 'Black': 4}","{'Blue': 62629.25, 'Black': 11018.62}"
2025-03-25 11:01:21.606936,"{'Blue': 3, 'Black': 4}","{'Blue': 42847.0, 'Black': 11221.75}"
2025-03-25 11:01:21.621624,"{'Blue': 3, 'Black': 4}","{'Blue': 42847.0, 'Black': 11221.75}"
2025-03-25 11:01:21.637503,"{'Blue': 3, 'Black': 4}","{'Blue': 42847.0, 'Black': 11221.75}"
2025-03-25 11:01:21.653788,"{'Blue': 3, 'Black': 4}","{'Blue': 43362.17, 'Black': 11460.5}"
2025-03-25 11:01:21.668775,"{'Blue': 3, 'Black': 4}","{'Blue': 43362.17, 'Black': 11460.5}"
2025-03-25 11:01:21.684201,"{'Blue': 3, 'Black': 4}","{'Blue': 43362.17, 'Black': 11460.5}"
2025-03-25 11:01:21.698904,"{'Blue': 2, 'Black': 5}","{'Blue': 65527.25, 'Black': 9256.2}"
2025-03-25 11:01:21.714892,"{'Blue': 2, 'Black': 5}","{'Blue': 65527.25, 'Black': 9256.2}"
2025-03-25 11:01:21.729646,"{'Blue': 2, 'Black': 5}","{'Blue': 65527.25, 'Black': 9256.2}"
2025-03-25 11:01:21.744379,"{'Blue': 3, 'Black': 5}","{'Blue': 43706.33, 'Black': 9241.6}"
2025-03-25 11:01:21.760092,"{'Blue': 3, 'Black': 5}","{'Blue': 43706.33, 'Black': 9241.6}"
2025-03-25 11:01:21.777096,"{'Blue': 3, 'Black': 5}","{'Blue': 43706.33, 'Black': 9241.6}"
2025-03-25 11:01:21.792850,"{'Blue': 3, 'Black': 5}","{'Blue': 44034.83, 'Black': 9089.6}"
